snapshot_ts,client,item_code,item_desc,qty_on_hand,qty_allocated,qty_hold,qty_available,qty_expected,expected_date,po_ref
2026-01-01 06:00,TANNERHILL CO,TNHC-1001,TANNERHILL TRAILHEAD PORTABLE GRILL BLK,228,0,0,228,0,,
2026-01-01 06:00,TANNERHILL CO,TNHC-1002,TANNERHILL TRAILHEAD GRILL PRO,148,0,0,148,0,,
2026-01-01 06:00,TANNERHILL CO,TNHC-2010,TANNERHILL CAST IRON SKILLET 10IN,228,2,0,226,0,,
2026-01-01 06:00,TANNERHILL CO,TNHC-2006,TANNERHILL CAST IRON DUTCH OVEN 6QT,212,0,0,212,0,,
2026-01-01 06:00,TANNERHILL CO,TNHC-3001,TANNERHILL CAMP KITCHEN KIT DELUXE,40,1,0,39,0,,
2026-01-01 06:00,TANNERHILL CO,TNHC-3002,TANNERHILL CAMP KITCHEN KIT BASIC,268,0,0,268,0,,
2026-01-01 06:00,TANNERHILL CO,TNHC-3008,TANNERHILL NESTING COOKWARE SET 8PC,183,1,0,182,0,,
2026-01-01 06:00,TANNERHILL CO,TNHC-4001,TANNERHILL WINDSHIELD PANEL SET,1124,0,0,1124,0,,
2026-01-01 06:00,TANNERHILL CO,TNHC-4002,TANNERHILL FOLDING PREP TABLE,420,1,0,419,0,,
2026-01-01 06:00,TANNERHILL CO,TNHC-4003,TANNERHILL INSULATED COFFEE PRESS,474,0,0,474,0,,
2026-01-01 06:00,TANNERHILL CO,TNHC-4004,TANNERHILL FIRE POKER + TOOL SET,47,2,0,45,0,,
2026-01-01 06:00,TANNERHILL CO,TNHC-4005,TANNERHILL GRILL GRATE CLEANER KIT,502,1,0,501,0,,
2026-01-02 06:00,TANNERHILL CO,TNHC-1001,TANNERHILL TRAILHEAD PORTABLE GRILL BLK,224,1,0,223,0,,
2026-01-02 06:00,TANNERHILL CO,TNHC-1002,TANNERHILL TRAILHEAD GRILL PRO,148,0,0,148,0,,
2026-01-02 06:00,TANNERHILL CO,TNHC-2010,TANNERHILL CAST IRON SKILLET 10IN,225,0,0,225,0,,
2026-01-02 06:00,TANNERHILL CO,TNHC-2006,TANNERHILL CAST IRON DUTCH OVEN 6QT,209,0,0,209,0,,
2026-01-02 06:00,TANNERHILL CO,TNHC-3001,TANNERHILL CAMP KITCHEN KIT DELUXE,38,1,0,37,0,,
2026-01-02 06:00,TANNERHILL CO,TNHC-3002,TANNERHILL CAMP KITCHEN KIT BASIC,267,0,0,267,0,,
2026-01-02 06:00,TANNERHILL CO,TNHC-3008,TANNERHILL NESTING COOKWARE SET 8PC,182,0,0,182,0,,
2026-01-02 06:00,TANNERHILL CO,TNHC-4001,TANNERHILL WINDSHIELD PANEL SET,1123,1,0,1122,0,,
2026-01-02 06:00,TANNERHILL CO,TNHC-4002,TANNERHILL FOLDING PREP TABLE,420,0,0,420,0,,
2026-01-02 06:00,TANNERHILL CO,TNHC-4003,TANNERHILL INSULATED COFFEE PRESS,473,1,0,472,0,,
2026-01-02 06:00,TANNERHILL CO,TNHC-4004,TANNERHILL FIRE POKER + TOOL SET,43,1,0,42,0,,
2026-01-02 06:00,TANNERHILL CO,TNHC-4005,TANNERHILL GRILL GRATE CLEANER KIT,499,1,0,498,0,,
2026-01-03 06:00,TANNERHILL CO,TNHC-1001,TANNERHILL TRAILHEAD PORTABLE GRILL BLK,220,1,0,219,0,,
2026-01-03 06:00,TANNERHILL CO,TNHC-1002,TANNERHILL TRAILHEAD GRILL PRO,148,0,0,148,0,,
2026-01-03 06:00,TANNERHILL CO,TNHC-2010,TANNERHILL CAST IRON SKILLET 10IN,218,4,0,214,0,,
2026-01-03 06:00,TANNERHILL CO,TNHC-2006,TANNERHILL CAST IRON DUTCH OVEN 6QT,209,1,0,208,0,,
2026-01-03 06:00,TANNERHILL CO,TNHC-3001,TANNERHILL CAMP KITCHEN KIT DELUXE,37,2,0,35,0,,
2026-01-03 06:00,TANNERHILL CO,TNHC-3002,TANNERHILL CAMP KITCHEN KIT BASIC,266,2,0,264,0,,
2026-01-03 06:00,TANNERHILL CO,TNHC-3008,TANNERHILL NESTING COOKWARE SET 8PC,181,1,0,180,0,,
2026-01-03 06:00,TANNERHILL CO,TNHC-4001,TANNERHILL WINDSHIELD PANEL SET,1122,1,0,1121,0,,
2026-01-03 06:00,TANNERHILL CO,TNHC-4002,TANNERHILL FOLDING PREP TABLE,419,0,0,419,0,,
2026-01-03 06:00,TANNERHILL CO,TNHC-4003,TANNERHILL INSULATED COFFEE PRESS,468,4,0,464,0,,
2026-01-03 06:00,TANNERHILL CO,TNHC-4004,TANNERHILL FIRE POKER + TOOL SET,41,0,0,41,0,,
2026-01-03 06:00,TANNERHILL CO,TNHC-4005,TANNERHILL GRILL GRATE CLEANER KIT,495,2,0,493,0,,
2026-01-04 06:00,TANNERHILL CO,TNHC-1001,TANNERHILL TRAILHEAD PORTABLE GRILL BLK,215,2,0,213,0,,
2026-01-04 06:00,TANNERHILL CO,TNHC-1002,TANNERHILL TRAILHEAD GRILL PRO,148,1,0,147,0,,
2026-01-04 06:00,TANNERHILL CO,TNHC-2010,TANNERHILL CAST IRON SKILLET 10IN,214,1,0,213,0,,
2026-01-04 06:00,TANNERHILL CO,TNHC-2006,TANNERHILL CAST IRON DUTCH OVEN 6QT,206,0,0,206,0,,
2026-01-04 06:00,TANNERHILL CO,TNHC-3001,TANNERHILL CAMP KITCHEN KIT DELUXE,33,2,0,31,0,,
2026-01-04 06:00,TANNERHILL CO,TNHC-3002,TANNERHILL CAMP KITCHEN KIT BASIC,263,0,0,263,0,,
2026-01-04 06:00,TANNERHILL CO,TNHC-3008,TANNERHILL NESTING COOKWARE SET 8PC,180,1,0,179,0,,
2026-01-04 06:00,TANNERHILL CO,TNHC-4001,TANNERHILL WINDSHIELD PANEL SET,1119,0,0,1119,0,,
2026-01-04 06:00,TANNERHILL CO,TNHC-4002,TANNERHILL FOLDING PREP TABLE,419,0,0,419,0,,
2026-01-04 06:00,TANNERHILL CO,TNHC-4003,TANNERHILL INSULATED COFFEE PRESS,464,1,0,463,0,,
2026-01-04 06:00,TANNERHILL CO,TNHC-4004,TANNERHILL FIRE POKER + TOOL SET,37,1,0,36,0,,
2026-01-04 06:00,TANNERHILL CO,TNHC-4005,TANNERHILL GRILL GRATE CLEANER KIT,489,4,0,485,0,,
2026-01-05 06:00,TANNERHILL CO,TNHC-1001,TANNERHILL TRAILHEAD PORTABLE GRILL BLK,212,4,0,208,0,,
2026-01-05 06:00,TANNERHILL CO,TNHC-1002,TANNERHILL TRAILHEAD GRILL PRO,147,0,0,147,0,,
2026-01-05 06:00,TANNERHILL CO,TNHC-2010,TANNERHILL CAST IRON SKILLET 10IN,204,1,0,203,0,,
2026-01-05 06:00,TANNERHILL CO,TNHC-2006,TANNERHILL CAST IRON DUTCH OVEN 6QT,204,2,0,202,0,,
2026-01-05 06:00,TANNERHILL CO,TNHC-3001,TANNERHILL CAMP KITCHEN KIT DELUXE,29,1,0,28,0,,
2026-01-05 06:00,TANNERHILL CO,TNHC-3002,TANNERHILL CAMP KITCHEN KIT BASIC,261,0,0,261,0,,
2026-01-05 06:00,TANNERHILL CO,TNHC-3008,TANNERHILL NESTING COOKWARE SET 8PC,177,0,0,177,0,,
2026-01-05 06:00,TANNERHILL CO,TNHC-4001,TANNERHILL WINDSHIELD PANEL SET,1119,1,0,1118,0,,
2026-01-05 06:00,TANNERHILL CO,TNHC-4002,TANNERHILL FOLDING PREP TABLE,418,0,0,418,0,,
2026-01-05 06:00,TANNERHILL CO,TNHC-4003,TANNERHILL INSULATED COFFEE PRESS,462,1,0,461,0,,
2026-01-05 06:00,TANNERHILL CO,TNHC-4004,TANNERHILL FIRE POKER + TOOL SET,31,1,0,30,0,,
2026-01-05 06:00,TANNERHILL CO,TNHC-4005,TANNERHILL GRILL GRATE CLEANER KIT,484,1,0,483,0,,
2026-01-06 06:00,TANNERHILL CO,TNHC-1001,TANNERHILL TRAILHEAD PORTABLE GRILL BLK,207,2,0,205,0,,
2026-01-06 06:00,TANNERHILL CO,TNHC-1002,TANNERHILL TRAILHEAD GRILL PRO,146,0,0,146,0,,
2026-01-06 06:00,TANNERHILL CO,TNHC-2010,TANNERHILL CAST IRON SKILLET 10IN,198,6,0,192,0,,
2026-01-06 06:00,TANNERHILL CO,TNHC-2006,TANNERHILL CAST IRON DUTCH OVEN 6QT,201,2,0,199,0,,
2026-01-06 06:00,TANNERHILL CO,TNHC-3001,TANNERHILL CAMP KITCHEN KIT DELUXE,27,0,0,27,0,,
2026-01-06 06:00,TANNERHILL CO,TNHC-3002,TANNERHILL CAMP KITCHEN KIT BASIC,259,1,0,258,0,,
2026-01-06 06:00,TANNERHILL CO,TNHC-3008,TANNERHILL NESTING COOKWARE SET 8PC,175,1,0,174,0,,
2026-01-06 06:00,TANNERHILL CO,TNHC-4001,TANNERHILL WINDSHIELD PANEL SET,1118,0,0,1118,0,,
2026-01-06 06:00,TANNERHILL CO,TNHC-4002,TANNERHILL FOLDING PREP TABLE,418,1,0,417,0,,
2026-01-06 06:00,TANNERHILL CO,TNHC-4003,TANNERHILL INSULATED COFFEE PRESS,460,4,0,456,0,,
2026-01-06 06:00,TANNERHILL CO,TNHC-4004,TANNERHILL FIRE POKER + TOOL SET,378,2,0,376,0,,
2026-01-06 06:00,TANNERHILL CO,TNHC-4005,TANNERHILL GRILL GRATE CLEANER KIT,481,2,0,479,0,,
2026-01-07 06:00,TANNERHILL CO,TNHC-1001,TANNERHILL TRAILHEAD PORTABLE GRILL BLK,202,3,0,199,0,,
2026-01-07 06:00,TANNERHILL CO,TNHC-1002,TANNERHILL TRAILHEAD GRILL PRO,146,0,0,146,0,,
2026-01-07 06:00,TANNERHILL CO,TNHC-2010,TANNERHILL CAST IRON SKILLET 10IN,191,1,0,190,0,,
2026-01-07 06:00,TANNERHILL CO,TNHC-2006,TANNERHILL CAST IRON DUTCH OVEN 6QT,195,1,0,194,0,,
2026-01-07 06:00,TANNERHILL CO,TNHC-3001,TANNERHILL CAMP KITCHEN KIT DELUXE,26,0,0,26,0,,
2026-01-07 06:00,TANNERHILL CO,TNHC-3002,TANNERHILL CAMP KITCHEN KIT BASIC,257,0,0,257,0,,
2026-01-07 06:00,TANNERHILL CO,TNHC-3008,TANNERHILL NESTING COOKWARE SET 8PC,172,1,0,171,0,,
2026-01-07 06:00,TANNERHILL CO,TNHC-4001,TANNERHILL WINDSHIELD PANEL SET,1118,1,0,1117,0,,
2026-01-07 06:00,TANNERHILL CO,TNHC-4002,TANNERHILL FOLDING PREP TABLE,416,1,0,415,0,,
2026-01-07 06:00,TANNERHILL CO,TNHC-4003,TANNERHILL INSULATED COFFEE PRESS,456,0,0,456,0,,
2026-01-07 06:00,TANNERHILL CO,TNHC-4004,TANNERHILL FIRE POKER + TOOL SET,375,1,0,374,0,,
2026-01-07 06:00,TANNERHILL CO,TNHC-4005,TANNERHILL GRILL GRATE CLEANER KIT,478,2,0,476,0,,
2026-01-08 06:00,TANNERHILL CO,TNHC-1001,TANNERHILL TRAILHEAD PORTABLE GRILL BLK,199,2,0,197,0,,
2026-01-08 06:00,TANNERHILL CO,TNHC-1002,TANNERHILL TRAILHEAD GRILL PRO,146,0,0,146,0,,
2026-01-08 06:00,TANNERHILL CO,TNHC-2010,TANNERHILL CAST IRON SKILLET 10IN,184,0,0,184,0,,
2026-01-08 06:00,TANNERHILL CO,TNHC-2006,TANNERHILL CAST IRON DUTCH OVEN 6QT,194,0,0,194,0,,
2026-01-08 06:00,TANNERHILL CO,TNHC-3001,TANNERHILL CAMP KITCHEN KIT DELUXE,25,0,0,25,0,,
2026-01-08 06:00,TANNERHILL CO,TNHC-3002,TANNERHILL CAMP KITCHEN KIT BASIC,256,1,0,255,0,,
2026-01-08 06:00,TANNERHILL CO,TNHC-3008,TANNERHILL NESTING COOKWARE SET 8PC,171,0,0,171,0,,
2026-01-08 06:00,TANNERHILL CO,TNHC-4001,TANNERHILL WINDSHIELD PANEL SET,1116,1,0,1115,0,,
2026-01-08 06:00,TANNERHILL CO,TNHC-4002,TANNERHILL FOLDING PREP TABLE,416,0,0,416,0,,
2026-01-08 06:00,TANNERHILL CO,TNHC-4003,TANNERHILL INSULATED COFFEE PRESS,451,2,0,449,0,,
2026-01-08 06:00,TANNERHILL CO,TNHC-4004,TANNERHILL FIRE POKER + TOOL SET,374,1,0,373,0,,
2026-01-08 06:00,TANNERHILL CO,TNHC-4005,TANNERHILL GRILL GRATE CLEANER KIT,474,0,0,474,0,,
2026-01-09 06:00,TANNERHILL CO,TNHC-1001,TANNERHILL TRAILHEAD PORTABLE GRILL BLK,196,0,0,196,0,,
2026-01-09 06:00,TANNERHILL CO,TNHC-1002,TANNERHILL TRAILHEAD GRILL PRO,146,0,0,146,0,,
2026-01-09 06:00,TANNERHILL CO,TNHC-2010,TANNERHILL CAST IRON SKILLET 10IN,173,2,0,171,0,,
2026-01-09 06:00,TANNERHILL CO,TNHC-2006,TANNERHILL CAST IRON DUTCH OVEN 6QT,188,0,0,188,0,,
2026-01-09 06:00,TANNERHILL CO,TNHC-3001,TANNERHILL CAMP KITCHEN KIT DELUXE,24,2,0,22,0,,
2026-01-09 06:00,TANNERHILL CO,TNHC-3002,TANNERHILL CAMP KITCHEN KIT BASIC,255,0,0,255,0,,
2026-01-09 06:00,TANNERHILL CO,TNHC-3008,TANNERHILL NESTING COOKWARE SET 8PC,170,0,0,170,0,,
2026-01-09 06:00,TANNERHILL CO,TNHC-4001,TANNERHILL WINDSHIELD PANEL SET,1112,0,0,1112,0,,
2026-01-09 06:00,TANNERHILL CO,TNHC-4002,TANNERHILL FOLDING PREP TABLE,416,0,0,416,0,,
2026-01-09 06:00,TANNERHILL CO,TNHC-4003,TANNERHILL INSULATED COFFEE PRESS,448,0,0,448,0,,
2026-01-09 06:00,TANNERHILL CO,TNHC-4004,TANNERHILL FIRE POKER + TOOL SET,373,0,0,373,0,,
2026-01-09 06:00,TANNERHILL CO,TNHC-4005,TANNERHILL GRILL GRATE CLEANER KIT,473,2,0,471,0,,
2026-01-10 06:00,TANNERHILL CO,TNHC-1001,TANNERHILL TRAILHEAD PORTABLE GRILL BLK,192,5,0,187,0,,
2026-01-10 06:00,TANNERHILL CO,TNHC-1002,TANNERHILL TRAILHEAD GRILL PRO,145,1,0,144,0,,
2026-01-10 06:00,TANNERHILL CO,TNHC-2010,TANNERHILL CAST IRON SKILLET 10IN,168,8,0,160,0,,
2026-01-10 06:00,TANNERHILL CO,TNHC-2006,TANNERHILL CAST IRON DUTCH OVEN 6QT,188,1,0,187,0,,
2026-01-10 06:00,TANNERHILL CO,TNHC-3001,TANNERHILL CAMP KITCHEN KIT DELUXE,21,1,0,20,0,,
2026-01-10 06:00,TANNERHILL CO,TNHC-3002,TANNERHILL CAMP KITCHEN KIT BASIC,254,0,0,254,0,,
2026-01-10 06:00,TANNERHILL CO,TNHC-3008,TANNERHILL NESTING COOKWARE SET 8PC,169,1,0,168,0,,
2026-01-10 06:00,TANNERHILL CO,TNHC-4001,TANNERHILL WINDSHIELD PANEL SET,1112,0,0,1112,0,,
2026-01-10 06:00,TANNERHILL CO,TNHC-4002,TANNERHILL FOLDING PREP TABLE,414,0,0,414,0,,
2026-01-10 06:00,TANNERHILL CO,TNHC-4003,TANNERHILL INSULATED COFFEE PRESS,442,0,0,442,0,,
2026-01-10 06:00,TANNERHILL CO,TNHC-4004,TANNERHILL FIRE POKER + TOOL SET,370,3,0,367,0,,
2026-01-10 06:00,TANNERHILL CO,TNHC-4005,TANNERHILL GRILL GRATE CLEANER KIT,469,2,0,467,0,,
2026-01-11 06:00,TANNERHILL CO,TNHC-1001,TANNERHILL TRAILHEAD PORTABLE GRILL BLK,187,3,0,184,0,,
2026-01-11 06:00,TANNERHILL CO,TNHC-1002,TANNERHILL TRAILHEAD GRILL PRO,144,1,0,143,0,,
2026-01-11 06:00,TANNERHILL CO,TNHC-2010,TANNERHILL CAST IRON SKILLET 10IN,158,1,0,157,0,,
2026-01-11 06:00,TANNERHILL CO,TNHC-2006,TANNERHILL CAST IRON DUTCH OVEN 6QT,186,2,0,184,0,,
2026-01-11 06:00,TANNERHILL CO,TNHC-3001,TANNERHILL CAMP KITCHEN KIT DELUXE,19,1,0,18,0,,
2026-01-11 06:00,TANNERHILL CO,TNHC-3002,TANNERHILL CAMP KITCHEN KIT BASIC,254,0,0,254,0,,
2026-01-11 06:00,TANNERHILL CO,TNHC-3008,TANNERHILL NESTING COOKWARE SET 8PC,167,1,0,166,0,,
2026-01-11 06:00,TANNERHILL CO,TNHC-4001,TANNERHILL WINDSHIELD PANEL SET,1109,0,0,1109,0,,
2026-01-11 06:00,TANNERHILL CO,TNHC-4002,TANNERHILL FOLDING PREP TABLE,411,0,0,411,0,,
2026-01-11 06:00,TANNERHILL CO,TNHC-4003,TANNERHILL INSULATED COFFEE PRESS,438,0,0,438,0,,
2026-01-11 06:00,TANNERHILL CO,TNHC-4004,TANNERHILL FIRE POKER + TOOL SET,365,0,0,365,0,,
2026-01-11 06:00,TANNERHILL CO,TNHC-4005,TANNERHILL GRILL GRATE CLEANER KIT,465,1,0,464,0,,
2026-01-12 06:00,TANNERHILL CO,TNHC-1001,TANNERHILL TRAILHEAD PORTABLE GRILL BLK,182,1,0,181,0,,
2026-01-12 06:00,TANNERHILL CO,TNHC-1002,TANNERHILL TRAILHEAD GRILL PRO,143,0,0,143,0,,
2026-01-12 06:00,TANNERHILL CO,TNHC-2010,TANNERHILL CAST IRON SKILLET 10IN,153,0,0,153,0,,
2026-01-12 06:00,TANNERHILL CO,TNHC-2006,TANNERHILL CAST IRON DUTCH OVEN 6QT,183,4,0,179,0,,
2026-01-12 06:00,TANNERHILL CO,TNHC-3001,TANNERHILL CAMP KITCHEN KIT DELUXE,18,1,0,17,0,,
2026-01-12 06:00,TANNERHILL CO,TNHC-3002,TANNERHILL CAMP KITCHEN KIT BASIC,254,0,0,254,0,,
2026-01-12 06:00,TANNERHILL CO,TNHC-3008,TANNERHILL NESTING COOKWARE SET 8PC,165,0,0,165,0,,
2026-01-12 06:00,TANNERHILL CO,TNHC-4001,TANNERHILL WINDSHIELD PANEL SET,1109,0,0,1109,0,,
2026-01-12 06:00,TANNERHILL CO,TNHC-4002,TANNERHILL FOLDING PREP TABLE,411,1,0,410,0,,
2026-01-12 06:00,TANNERHILL CO,TNHC-4003,TANNERHILL INSULATED COFFEE PRESS,437,2,0,435,0,,
2026-01-12 06:00,TANNERHILL CO,TNHC-4004,TANNERHILL FIRE POKER + TOOL SET,361,1,0,360,0,,
2026-01-12 06:00,TANNERHILL CO,TNHC-4005,TANNERHILL GRILL GRATE CLEANER KIT,463,0,0,463,0,,
2026-01-13 06:00,TANNERHILL CO,TNHC-1001,TANNERHILL TRAILHEAD PORTABLE GRILL BLK,179,0,0,179,0,,
2026-01-13 06:00,TANNERHILL CO,TNHC-1002,TANNERHILL TRAILHEAD GRILL PRO,142,2,0,140,0,,
2026-01-13 06:00,TANNERHILL CO,TNHC-2010,TANNERHILL CAST IRON SKILLET 10IN,147,2,0,145,0,,
2026-01-13 06:00,TANNERHILL CO,TNHC-2006,TANNERHILL CAST IRON DUTCH OVEN 6QT,479,0,0,479,0,,
2026-01-13 06:00,TANNERHILL CO,TNHC-3001,TANNERHILL CAMP KITCHEN KIT DELUXE,17,0,0,17,0,,
2026-01-13 06:00,TANNERHILL CO,TNHC-3002,TANNERHILL CAMP KITCHEN KIT BASIC,253,0,0,253,0,,
2026-01-13 06:00,TANNERHILL CO,TNHC-3008,TANNERHILL NESTING COOKWARE SET 8PC,165,0,0,165,0,,
2026-01-13 06:00,TANNERHILL CO,TNHC-4001,TANNERHILL WINDSHIELD PANEL SET,1108,1,0,1107,0,,
2026-01-13 06:00,TANNERHILL CO,TNHC-4002,TANNERHILL FOLDING PREP TABLE,411,0,0,411,0,,
2026-01-13 06:00,TANNERHILL CO,TNHC-4003,TANNERHILL INSULATED COFFEE PRESS,433,4,0,429,0,,
2026-01-13 06:00,TANNERHILL CO,TNHC-4004,TANNERHILL FIRE POKER + TOOL SET,359,2,0,357,0,,
2026-01-13 06:00,TANNERHILL CO,TNHC-4005,TANNERHILL GRILL GRATE CLEANER KIT,454,0,0,454,0,,
2026-01-14 06:00,TANNERHILL CO,TNHC-1001,TANNERHILL TRAILHEAD PORTABLE GRILL BLK,575,1,6,568,0,,
2026-01-14 06:00,TANNERHILL CO,TNHC-1002,TANNERHILL TRAILHEAD GRILL PRO,140,1,0,139,0,,
2026-01-14 06:00,TANNERHILL CO,TNHC-2010,TANNERHILL CAST IRON SKILLET 10IN,144,1,0,143,0,,
2026-01-14 06:00,TANNERHILL CO,TNHC-2006,TANNERHILL CAST IRON DUTCH OVEN 6QT,478,0,0,478,0,,
2026-01-14 06:00,TANNERHILL CO,TNHC-3001,TANNERHILL CAMP KITCHEN KIT DELUXE,17,1,0,16,0,,
2026-01-14 06:00,TANNERHILL CO,TNHC-3002,TANNERHILL CAMP KITCHEN KIT BASIC,248,0,0,248,0,,
2026-01-14 06:00,TANNERHILL CO,TNHC-3008,TANNERHILL NESTING COOKWARE SET 8PC,164,0,0,164,0,,
2026-01-14 06:00,TANNERHILL CO,TNHC-4001,TANNERHILL WINDSHIELD PANEL SET,1108,1,0,1107,0,,
2026-01-14 06:00,TANNERHILL CO,TNHC-4002,TANNERHILL FOLDING PREP TABLE,410,0,0,410,0,,
2026-01-14 06:00,TANNERHILL CO,TNHC-4003,TANNERHILL INSULATED COFFEE PRESS,427,2,0,425,0,,
2026-01-14 06:00,TANNERHILL CO,TNHC-4004,TANNERHILL FIRE POKER + TOOL SET,355,0,0,355,0,,
2026-01-14 06:00,TANNERHILL CO,TNHC-4005,TANNERHILL GRILL GRATE CLEANER KIT,450,0,0,450,0,,
2026-01-15 06:00,TANNERHILL CO,TNHC-1001,TANNERHILL TRAILHEAD PORTABLE GRILL BLK,570,0,6,564,0,,
2026-01-15 06:00,TANNERHILL CO,TNHC-1002,TANNERHILL TRAILHEAD GRILL PRO,140,1,0,139,0,,
2026-01-15 06:00,TANNERHILL CO,TNHC-2010,TANNERHILL CAST IRON SKILLET 10IN,136,2,0,134,0,,
2026-01-15 06:00,TANNERHILL CO,TNHC-2006,TANNERHILL CAST IRON DUTCH OVEN 6QT,476,0,0,476,0,,
2026-01-15 06:00,TANNERHILL CO,TNHC-3001,TANNERHILL CAMP KITCHEN KIT DELUXE,16,0,0,16,0,,
2026-01-15 06:00,TANNERHILL CO,TNHC-3002,TANNERHILL CAMP KITCHEN KIT BASIC,247,2,0,245,0,,
2026-01-15 06:00,TANNERHILL CO,TNHC-3008,TANNERHILL NESTING COOKWARE SET 8PC,164,1,0,163,0,,
2026-01-15 06:00,TANNERHILL CO,TNHC-4001,TANNERHILL WINDSHIELD PANEL SET,1108,0,0,1108,0,,
2026-01-15 06:00,TANNERHILL CO,TNHC-4002,TANNERHILL FOLDING PREP TABLE,409,1,0,408,0,,
2026-01-15 06:00,TANNERHILL CO,TNHC-4003,TANNERHILL INSULATED COFFEE PRESS,423,1,0,422,0,,
2026-01-15 06:00,TANNERHILL CO,TNHC-4004,TANNERHILL FIRE POKER + TOOL SET,350,0,0,350,0,,
2026-01-15 06:00,TANNERHILL CO,TNHC-4005,TANNERHILL GRILL GRATE CLEANER KIT,446,2,0,444,0,,
2026-01-16 06:00,TANNERHILL CO,TNHC-1001,TANNERHILL TRAILHEAD PORTABLE GRILL BLK,566,3,6,557,0,,
2026-01-16 06:00,TANNERHILL CO,TNHC-1002,TANNERHILL TRAILHEAD GRILL PRO,140,1,0,139,0,,
2026-01-16 06:00,TANNERHILL CO,TNHC-2010,TANNERHILL CAST IRON SKILLET 10IN,130,4,0,126,0,,
2026-01-16 06:00,TANNERHILL CO,TNHC-2006,TANNERHILL CAST IRON DUTCH OVEN 6QT,473,0,0,473,0,,
2026-01-16 06:00,TANNERHILL CO,TNHC-3001,TANNERHILL CAMP KITCHEN KIT DELUXE,14,1,0,13,0,,
2026-01-16 06:00,TANNERHILL CO,TNHC-3002,TANNERHILL CAMP KITCHEN KIT BASIC,245,0,0,245,0,,
2026-01-16 06:00,TANNERHILL CO,TNHC-3008,TANNERHILL NESTING COOKWARE SET 8PC,162,0,0,162,0,,
2026-01-16 06:00,TANNERHILL CO,TNHC-4001,TANNERHILL WINDSHIELD PANEL SET,1108,0,0,1108,0,,
2026-01-16 06:00,TANNERHILL CO,TNHC-4002,TANNERHILL FOLDING PREP TABLE,408,1,0,407,0,,
2026-01-16 06:00,TANNERHILL CO,TNHC-4003,TANNERHILL INSULATED COFFEE PRESS,418,0,0,418,0,,
2026-01-16 06:00,TANNERHILL CO,TNHC-4004,TANNERHILL FIRE POKER + TOOL SET,346,1,0,345,0,,
2026-01-16 06:00,TANNERHILL CO,TNHC-4005,TANNERHILL GRILL GRATE CLEANER KIT,440,1,0,439,0,,
2026-01-17 06:00,TANNERHILL CO,TNHC-1001,TANNERHILL TRAILHEAD PORTABLE GRILL BLK,561,0,6,555,0,,
2026-01-17 06:00,TANNERHILL CO,TNHC-1002,TANNERHILL TRAILHEAD GRILL PRO,139,0,0,139,0,,
2026-01-17 06:00,TANNERHILL CO,TNHC-2010,TANNERHILL CAST IRON SKILLET 10IN,124,0,0,124,0,,
2026-01-17 06:00,TANNERHILL CO,TNHC-2006,TANNERHILL CAST IRON DUTCH OVEN 6QT,471,0,0,471,0,,
2026-01-17 06:00,TANNERHILL CO,TNHC-3001,TANNERHILL CAMP KITCHEN KIT DELUXE,11,1,0,10,0,,
2026-01-17 06:00,TANNERHILL CO,TNHC-3002,TANNERHILL CAMP KITCHEN KIT BASIC,243,1,0,242,0,,
2026-01-17 06:00,TANNERHILL CO,TNHC-3008,TANNERHILL NESTING COOKWARE SET 8PC,162,0,0,162,0,,
2026-01-17 06:00,TANNERHILL CO,TNHC-4001,TANNERHILL WINDSHIELD PANEL SET,1107,1,0,1106,0,,
2026-01-17 06:00,TANNERHILL CO,TNHC-4002,TANNERHILL FOLDING PREP TABLE,406,0,0,406,0,,
2026-01-17 06:00,TANNERHILL CO,TNHC-4003,TANNERHILL INSULATED COFFEE PRESS,416,4,0,412,0,,
2026-01-17 06:00,TANNERHILL CO,TNHC-4004,TANNERHILL FIRE POKER + TOOL SET,343,2,0,341,0,,
2026-01-17 06:00,TANNERHILL CO,TNHC-4005,TANNERHILL GRILL GRATE CLEANER KIT,431,1,0,430,0,,
2026-01-18 06:00,TANNERHILL CO,TNHC-1001,TANNERHILL TRAILHEAD PORTABLE GRILL BLK,555,1,6,548,0,,
2026-01-18 06:00,TANNERHILL CO,TNHC-1002,TANNERHILL TRAILHEAD GRILL PRO,137,1,0,136,0,,
2026-01-18 06:00,TANNERHILL CO,TNHC-2010,TANNERHILL CAST IRON SKILLET 10IN,118,5,0,113,0,,
2026-01-18 06:00,TANNERHILL CO,TNHC-2006,TANNERHILL CAST IRON DUTCH OVEN 6QT,465,0,0,465,0,,
2026-01-18 06:00,TANNERHILL CO,TNHC-3001,TANNERHILL CAMP KITCHEN KIT DELUXE,9,0,0,9,0,,
2026-01-18 06:00,TANNERHILL CO,TNHC-3002,TANNERHILL CAMP KITCHEN KIT BASIC,240,1,0,239,0,,
2026-01-18 06:00,TANNERHILL CO,TNHC-3008,TANNERHILL NESTING COOKWARE SET 8PC,162,0,0,162,0,,
2026-01-18 06:00,TANNERHILL CO,TNHC-4001,TANNERHILL WINDSHIELD PANEL SET,1106,0,0,1106,0,,
2026-01-18 06:00,TANNERHILL CO,TNHC-4002,TANNERHILL FOLDING PREP TABLE,406,0,0,406,0,,
2026-01-18 06:00,TANNERHILL CO,TNHC-4003,TANNERHILL INSULATED COFFEE PRESS,411,0,0,411,0,,
2026-01-18 06:00,TANNERHILL CO,TNHC-4004,TANNERHILL FIRE POKER + TOOL SET,337,0,0,337,0,,
2026-01-18 06:00,TANNERHILL CO,TNHC-4005,TANNERHILL GRILL GRATE CLEANER KIT,429,0,0,429,0,,
2026-01-19 06:00,TANNERHILL CO,TNHC-1001,TANNERHILL TRAILHEAD PORTABLE GRILL BLK,551,1,6,544,0,,
2026-01-19 06:00,TANNERHILL CO,TNHC-1002,TANNERHILL TRAILHEAD GRILL PRO,135,1,0,134,0,,
2026-01-19 06:00,TANNERHILL CO,TNHC-2010,TANNERHILL CAST IRON SKILLET 10IN,108,3,0,105,0,,
2026-01-19 06:00,TANNERHILL CO,TNHC-2006,TANNERHILL CAST IRON DUTCH OVEN 6QT,464,1,0,463,0,,
2026-01-19 06:00,TANNERHILL CO,TNHC-3001,TANNERHILL CAMP KITCHEN KIT DELUXE,8,0,0,8,0,,
2026-01-19 06:00,TANNERHILL CO,TNHC-3002,TANNERHILL CAMP KITCHEN KIT BASIC,238,1,0,237,0,,
2026-01-19 06:00,TANNERHILL CO,TNHC-3008,TANNERHILL NESTING COOKWARE SET 8PC,162,1,0,161,0,,
2026-01-19 06:00,TANNERHILL CO,TNHC-4001,TANNERHILL WINDSHIELD PANEL SET,1106,1,0,1105,0,,
2026-01-19 06:00,TANNERHILL CO,TNHC-4002,TANNERHILL FOLDING PREP TABLE,406,1,0,405,0,,
2026-01-19 06:00,TANNERHILL CO,TNHC-4003,TANNERHILL INSULATED COFFEE PRESS,410,1,0,409,0,,
2026-01-19 06:00,TANNERHILL CO,TNHC-4004,TANNERHILL FIRE POKER + TOOL SET,336,1,0,335,0,,
2026-01-19 06:00,TANNERHILL CO,TNHC-4005,TANNERHILL GRILL GRATE CLEANER KIT,424,1,0,423,0,,
2026-01-20 06:00,TANNERHILL CO,TNHC-1001,TANNERHILL TRAILHEAD PORTABLE GRILL BLK,548,0,6,542,0,,
2026-01-20 06:00,TANNERHILL CO,TNHC-1002,TANNERHILL TRAILHEAD GRILL PRO,135,0,0,135,0,,
2026-01-20 06:00,TANNERHILL CO,TNHC-2010,TANNERHILL CAST IRON SKILLET 10IN,104,0,0,104,0,,
2026-01-20 06:00,TANNERHILL CO,TNHC-2006,TANNERHILL CAST IRON DUTCH OVEN 6QT,463,0,0,463,0,,
2026-01-20 06:00,TANNERHILL CO,TNHC-3001,TANNERHILL CAMP KITCHEN KIT DELUXE,7,1,0,6,0,,
2026-01-20 06:00,TANNERHILL CO,TNHC-3002,TANNERHILL CAMP KITCHEN KIT BASIC,237,0,0,237,0,,
2026-01-20 06:00,TANNERHILL CO,TNHC-3008,TANNERHILL NESTING COOKWARE SET 8PC,161,1,0,160,0,,
2026-01-20 06:00,TANNERHILL CO,TNHC-4001,TANNERHILL WINDSHIELD PANEL SET,1105,0,0,1105,0,,
2026-01-20 06:00,TANNERHILL CO,TNHC-4002,TANNERHILL FOLDING PREP TABLE,404,0,0,404,0,,
2026-01-20 06:00,TANNERHILL CO,TNHC-4003,TANNERHILL INSULATED COFFEE PRESS,408,2,0,406,0,,
2026-01-20 06:00,TANNERHILL CO,TNHC-4004,TANNERHILL FIRE POKER + TOOL SET,332,0,0,332,0,,
2026-01-20 06:00,TANNERHILL CO,TNHC-4005,TANNERHILL GRILL GRATE CLEANER KIT,422,1,0,421,0,,
2026-01-21 06:00,TANNERHILL CO,TNHC-1001,TANNERHILL TRAILHEAD PORTABLE GRILL BLK,546,3,6,537,0,,
2026-01-21 06:00,TANNERHILL CO,TNHC-1002,TANNERHILL TRAILHEAD GRILL PRO,134,0,0,134,0,,
2026-01-21 06:00,TANNERHILL CO,TNHC-2010,TANNERHILL CAST IRON SKILLET 10IN,97,1,0,96,0,,
2026-01-21 06:00,TANNERHILL CO,TNHC-2006,TANNERHILL CAST IRON DUTCH OVEN 6QT,461,1,0,460,0,,
2026-01-21 06:00,TANNERHILL CO,TNHC-3001,TANNERHILL CAMP KITCHEN KIT DELUXE,4,0,0,4,0,,
2026-01-21 06:00,TANNERHILL CO,TNHC-3002,TANNERHILL CAMP KITCHEN KIT BASIC,233,1,0,232,0,,
2026-01-21 06:00,TANNERHILL CO,TNHC-3008,TANNERHILL NESTING COOKWARE SET 8PC,160,1,0,159,0,,
2026-01-21 06:00,TANNERHILL CO,TNHC-4001,TANNERHILL WINDSHIELD PANEL SET,1105,1,0,1104,0,,
2026-01-21 06:00,TANNERHILL CO,TNHC-4002,TANNERHILL FOLDING PREP TABLE,402,0,0,402,0,,
2026-01-21 06:00,TANNERHILL CO,TNHC-4003,TANNERHILL INSULATED COFFEE PRESS,403,1,0,402,0,,
2026-01-21 06:00,TANNERHILL CO,TNHC-4004,TANNERHILL FIRE POKER + TOOL SET,332,0,0,332,0,,
2026-01-21 06:00,TANNERHILL CO,TNHC-4005,TANNERHILL GRILL GRATE CLEANER KIT,417,0,0,417,0,,
2026-01-22 06:00,TANNERHILL CO,TNHC-1001,TANNERHILL TRAILHEAD PORTABLE GRILL BLK,543,0,6,537,0,,
2026-01-22 06:00,TANNERHILL CO,TNHC-1002,TANNERHILL TRAILHEAD GRILL PRO,132,1,0,131,0,,
2026-01-22 06:00,TANNERHILL CO,TNHC-2010,TANNERHILL CAST IRON SKILLET 10IN,1089,3,0,1086,0,,
2026-01-22 06:00,TANNERHILL CO,TNHC-2006,TANNERHILL CAST IRON DUTCH OVEN 6QT,457,2,0,455,0,,
2026-01-22 06:00,TANNERHILL CO,TNHC-3001,TANNERHILL CAMP KITCHEN KIT DELUXE,253,1,0,252,0,,
2026-01-22 06:00,TANNERHILL CO,TNHC-3002,TANNERHILL CAMP KITCHEN KIT BASIC,230,0,0,230,0,,
2026-01-22 06:00,TANNERHILL CO,TNHC-3008,TANNERHILL NESTING COOKWARE SET 8PC,158,2,0,156,0,,
2026-01-22 06:00,TANNERHILL CO,TNHC-4001,TANNERHILL WINDSHIELD PANEL SET,1105,1,0,1104,0,,
2026-01-22 06:00,TANNERHILL CO,TNHC-4002,TANNERHILL FOLDING PREP TABLE,400,0,0,400,0,,
2026-01-22 06:00,TANNERHILL CO,TNHC-4003,TANNERHILL INSULATED COFFEE PRESS,400,1,0,399,0,,
2026-01-22 06:00,TANNERHILL CO,TNHC-4004,TANNERHILL FIRE POKER + TOOL SET,329,2,0,327,0,,
2026-01-22 06:00,TANNERHILL CO,TNHC-4005,TANNERHILL GRILL GRATE CLEANER KIT,412,2,0,410,0,,
2026-01-23 06:00,TANNERHILL CO,TNHC-1001,TANNERHILL TRAILHEAD PORTABLE GRILL BLK,539,1,6,532,0,,
2026-01-23 06:00,TANNERHILL CO,TNHC-1002,TANNERHILL TRAILHEAD GRILL PRO,132,0,0,132,0,,
2026-01-23 06:00,TANNERHILL CO,TNHC-2010,TANNERHILL CAST IRON SKILLET 10IN,1082,5,0,1077,0,,
2026-01-23 06:00,TANNERHILL CO,TNHC-2006,TANNERHILL CAST IRON DUTCH OVEN 6QT,454,2,0,452,0,,
2026-01-23 06:00,TANNERHILL CO,TNHC-3001,TANNERHILL CAMP KITCHEN KIT DELUXE,252,0,0,252,0,,
2026-01-23 06:00,TANNERHILL CO,TNHC-3002,TANNERHILL CAMP KITCHEN KIT BASIC,229,2,0,227,0,,
2026-01-23 06:00,TANNERHILL CO,TNHC-3008,TANNERHILL NESTING COOKWARE SET 8PC,156,1,0,155,0,,
2026-01-23 06:00,TANNERHILL CO,TNHC-4001,TANNERHILL WINDSHIELD PANEL SET,1101,1,0,1100,0,,
2026-01-23 06:00,TANNERHILL CO,TNHC-4002,TANNERHILL FOLDING PREP TABLE,400,0,0,400,0,,
2026-01-23 06:00,TANNERHILL CO,TNHC-4003,TANNERHILL INSULATED COFFEE PRESS,395,2,0,393,0,,
2026-01-23 06:00,TANNERHILL CO,TNHC-4004,TANNERHILL FIRE POKER + TOOL SET,326,0,0,326,0,,
2026-01-23 06:00,TANNERHILL CO,TNHC-4005,TANNERHILL GRILL GRATE CLEANER KIT,407,0,0,407,0,,
2026-01-24 06:00,TANNERHILL CO,TNHC-1001,TANNERHILL TRAILHEAD PORTABLE GRILL BLK,534,3,6,525,0,,
2026-01-24 06:00,TANNERHILL CO,TNHC-1002,TANNERHILL TRAILHEAD GRILL PRO,131,0,0,131,0,,
2026-01-24 06:00,TANNERHILL CO,TNHC-2010,TANNERHILL CAST IRON SKILLET 10IN,1075,1,0,1074,0,,
2026-01-24 06:00,TANNERHILL CO,TNHC-2006,TANNERHILL CAST IRON DUTCH OVEN 6QT,447,3,0,444,0,,
2026-01-24 06:00,TANNERHILL CO,TNHC-3001,TANNERHILL CAMP KITCHEN KIT DELUXE,251,1,0,250,0,,
2026-01-24 06:00,TANNERHILL CO,TNHC-3002,TANNERHILL CAMP KITCHEN KIT BASIC,226,0,0,226,0,,
2026-01-24 06:00,TANNERHILL CO,TNHC-3008,TANNERHILL NESTING COOKWARE SET 8PC,155,0,0,155,0,,
2026-01-24 06:00,TANNERHILL CO,TNHC-4001,TANNERHILL WINDSHIELD PANEL SET,1101,2,0,1099,0,,
2026-01-24 06:00,TANNERHILL CO,TNHC-4002,TANNERHILL FOLDING PREP TABLE,400,1,0,399,0,,
2026-01-24 06:00,TANNERHILL CO,TNHC-4003,TANNERHILL INSULATED COFFEE PRESS,390,1,0,389,0,,
2026-01-24 06:00,TANNERHILL CO,TNHC-4004,TANNERHILL FIRE POKER + TOOL SET,325,0,0,325,0,,
2026-01-24 06:00,TANNERHILL CO,TNHC-4005,TANNERHILL GRILL GRATE CLEANER KIT,402,1,0,401,0,,
2026-01-25 06:00,TANNERHILL CO,TNHC-1001,TANNERHILL TRAILHEAD PORTABLE GRILL BLK,530,0,6,524,0,,
2026-01-25 06:00,TANNERHILL CO,TNHC-1002,TANNERHILL TRAILHEAD GRILL PRO,130,0,0,130,0,,
2026-01-25 06:00,TANNERHILL CO,TNHC-2010,TANNERHILL CAST IRON SKILLET 10IN,1071,2,0,1069,0,,
2026-01-25 06:00,TANNERHILL CO,TNHC-2006,TANNERHILL CAST IRON DUTCH OVEN 6QT,445,1,0,444,0,,
2026-01-25 06:00,TANNERHILL CO,TNHC-3001,TANNERHILL CAMP KITCHEN KIT DELUXE,249,0,0,249,0,,
2026-01-25 06:00,TANNERHILL CO,TNHC-3002,TANNERHILL CAMP KITCHEN KIT BASIC,223,0,0,223,0,,
2026-01-25 06:00,TANNERHILL CO,TNHC-3008,TANNERHILL NESTING COOKWARE SET 8PC,155,0,0,155,0,,
2026-01-25 06:00,TANNERHILL CO,TNHC-4001,TANNERHILL WINDSHIELD PANEL SET,1097,1,0,1096,0,,
2026-01-25 06:00,TANNERHILL CO,TNHC-4002,TANNERHILL FOLDING PREP TABLE,398,0,0,398,0,,
2026-01-25 06:00,TANNERHILL CO,TNHC-4003,TANNERHILL INSULATED COFFEE PRESS,388,2,0,386,0,,
2026-01-25 06:00,TANNERHILL CO,TNHC-4004,TANNERHILL FIRE POKER + TOOL SET,323,0,0,323,0,,
2026-01-25 06:00,TANNERHILL CO,TNHC-4005,TANNERHILL GRILL GRATE CLEANER KIT,397,2,0,395,0,,
2026-01-26 06:00,TANNERHILL CO,TNHC-1001,TANNERHILL TRAILHEAD PORTABLE GRILL BLK,527,2,6,519,0,,
2026-01-26 06:00,TANNERHILL CO,TNHC-1002,TANNERHILL TRAILHEAD GRILL PRO,129,0,0,129,0,,
2026-01-26 06:00,TANNERHILL CO,TNHC-2010,TANNERHILL CAST IRON SKILLET 10IN,1064,5,0,1059,0,,
2026-01-26 06:00,TANNERHILL CO,TNHC-2006,TANNERHILL CAST IRON DUTCH OVEN 6QT,441,2,0,439,0,,
2026-01-26 06:00,TANNERHILL CO,TNHC-3001,TANNERHILL CAMP KITCHEN KIT DELUXE,248,0,0,248,0,,
2026-01-26 06:00,TANNERHILL CO,TNHC-3002,TANNERHILL CAMP KITCHEN KIT BASIC,220,1,0,219,0,,
2026-01-26 06:00,TANNERHILL CO,TNHC-3008,TANNERHILL NESTING COOKWARE SET 8PC,155,1,0,154,0,,
2026-01-26 06:00,TANNERHILL CO,TNHC-4001,TANNERHILL WINDSHIELD PANEL SET,1095,0,0,1095,0,,
2026-01-26 06:00,TANNERHILL CO,TNHC-4002,TANNERHILL FOLDING PREP TABLE,397,1,0,396,0,,
2026-01-26 06:00,TANNERHILL CO,TNHC-4003,TANNERHILL INSULATED COFFEE PRESS,385,2,0,383,0,,
2026-01-26 06:00,TANNERHILL CO,TNHC-4004,TANNERHILL FIRE POKER + TOOL SET,321,0,0,321,0,,
2026-01-26 06:00,TANNERHILL CO,TNHC-4005,TANNERHILL GRILL GRATE CLEANER KIT,392,2,0,390,0,,
2026-01-27 06:00,TANNERHILL CO,TNHC-1001,TANNERHILL TRAILHEAD PORTABLE GRILL BLK,522,1,6,515,0,,
2026-01-27 06:00,TANNERHILL CO,TNHC-1002,TANNERHILL TRAILHEAD GRILL PRO,129,0,0,129,0,,
2026-01-27 06:00,TANNERHILL CO,TNHC-2010,TANNERHILL CAST IRON SKILLET 10IN,1057,0,0,1057,0,,
2026-01-27 06:00,TANNERHILL CO,TNHC-2006,TANNERHILL CAST IRON DUTCH OVEN 6QT,436,2,0,434,0,,
2026-01-27 06:00,TANNERHILL CO,TNHC-3001,TANNERHILL CAMP KITCHEN KIT DELUXE,248,0,0,248,0,,
2026-01-27 06:00,TANNERHILL CO,TNHC-3002,TANNERHILL CAMP KITCHEN KIT BASIC,219,1,0,218,0,,
2026-01-27 06:00,TANNERHILL CO,TNHC-3008,TANNERHILL NESTING COOKWARE SET 8PC,155,0,0,155,0,,
2026-01-27 06:00,TANNERHILL CO,TNHC-4001,TANNERHILL WINDSHIELD PANEL SET,1092,1,0,1091,0,,
2026-01-27 06:00,TANNERHILL CO,TNHC-4002,TANNERHILL FOLDING PREP TABLE,396,0,0,396,0,,
2026-01-27 06:00,TANNERHILL CO,TNHC-4003,TANNERHILL INSULATED COFFEE PRESS,379,3,0,376,0,,
2026-01-27 06:00,TANNERHILL CO,TNHC-4004,TANNERHILL FIRE POKER + TOOL SET,319,4,0,315,0,,
2026-01-27 06:00,TANNERHILL CO,TNHC-4005,TANNERHILL GRILL GRATE CLEANER KIT,389,3,0,386,0,,
2026-01-28 06:00,TANNERHILL CO,TNHC-1001,TANNERHILL TRAILHEAD PORTABLE GRILL BLK,519,1,6,512,0,,
2026-01-28 06:00,TANNERHILL CO,TNHC-1002,TANNERHILL TRAILHEAD GRILL PRO,127,0,0,127,0,,
2026-01-28 06:00,TANNERHILL CO,TNHC-2010,TANNERHILL CAST IRON SKILLET 10IN,1048,2,0,1046,0,,
2026-01-28 06:00,TANNERHILL CO,TNHC-2006,TANNERHILL CAST IRON DUTCH OVEN 6QT,432,3,0,429,0,,
2026-01-28 06:00,TANNERHILL CO,TNHC-3001,TANNERHILL CAMP KITCHEN KIT DELUXE,248,1,0,247,0,,
2026-01-28 06:00,TANNERHILL CO,TNHC-3002,TANNERHILL CAMP KITCHEN KIT BASIC,218,0,0,218,0,,
2026-01-28 06:00,TANNERHILL CO,TNHC-3008,TANNERHILL NESTING COOKWARE SET 8PC,155,0,0,155,0,,
2026-01-28 06:00,TANNERHILL CO,TNHC-4001,TANNERHILL WINDSHIELD PANEL SET,1089,0,0,1089,0,,
2026-01-28 06:00,TANNERHILL CO,TNHC-4002,TANNERHILL FOLDING PREP TABLE,396,0,0,396,0,,
2026-01-28 06:00,TANNERHILL CO,TNHC-4003,TANNERHILL INSULATED COFFEE PRESS,376,2,0,374,0,,
2026-01-28 06:00,TANNERHILL CO,TNHC-4004,TANNERHILL FIRE POKER + TOOL SET,314,2,0,312,0,,
2026-01-28 06:00,TANNERHILL CO,TNHC-4005,TANNERHILL GRILL GRATE CLEANER KIT,384,4,0,380,0,,
2026-01-29 06:00,TANNERHILL CO,TNHC-1001,TANNERHILL TRAILHEAD PORTABLE GRILL BLK,515,1,6,508,0,,
2026-01-29 06:00,TANNERHILL CO,TNHC-1002,TANNERHILL TRAILHEAD GRILL PRO,126,0,0,126,0,,
2026-01-29 06:00,TANNERHILL CO,TNHC-2010,TANNERHILL CAST IRON SKILLET 10IN,1040,2,0,1038,0,,
2026-01-29 06:00,TANNERHILL CO,TNHC-2006,TANNERHILL CAST IRON DUTCH OVEN 6QT,428,3,0,425,0,,
2026-01-29 06:00,TANNERHILL CO,TNHC-3001,TANNERHILL CAMP KITCHEN KIT DELUXE,246,1,0,245,0,,
2026-01-29 06:00,TANNERHILL CO,TNHC-3002,TANNERHILL CAMP KITCHEN KIT BASIC,218,0,0,218,0,,
2026-01-29 06:00,TANNERHILL CO,TNHC-3008,TANNERHILL NESTING COOKWARE SET 8PC,154,1,0,153,0,,
2026-01-29 06:00,TANNERHILL CO,TNHC-4001,TANNERHILL WINDSHIELD PANEL SET,1089,0,0,1089,0,,
2026-01-29 06:00,TANNERHILL CO,TNHC-4002,TANNERHILL FOLDING PREP TABLE,395,1,0,394,0,,
2026-01-29 06:00,TANNERHILL CO,TNHC-4003,TANNERHILL INSULATED COFFEE PRESS,370,1,0,369,0,,
2026-01-29 06:00,TANNERHILL CO,TNHC-4004,TANNERHILL FIRE POKER + TOOL SET,311,1,0,310,0,,
2026-01-29 06:00,TANNERHILL CO,TNHC-4005,TANNERHILL GRILL GRATE CLEANER KIT,379,1,0,378,0,,
2026-01-30 06:00,TANNERHILL CO,TNHC-1001,TANNERHILL TRAILHEAD PORTABLE GRILL BLK,513,1,6,506,0,,
2026-01-30 06:00,TANNERHILL CO,TNHC-1002,TANNERHILL TRAILHEAD GRILL PRO,126,0,0,126,0,,
2026-01-30 06:00,TANNERHILL CO,TNHC-2010,TANNERHILL CAST IRON SKILLET 10IN,1035,0,0,1035,0,,
2026-01-30 06:00,TANNERHILL CO,TNHC-2006,TANNERHILL CAST IRON DUTCH OVEN 6QT,425,0,0,425,0,,
2026-01-30 06:00,TANNERHILL CO,TNHC-3001,TANNERHILL CAMP KITCHEN KIT DELUXE,244,1,0,243,0,,
2026-01-30 06:00,TANNERHILL CO,TNHC-3002,TANNERHILL CAMP KITCHEN KIT BASIC,215,1,0,214,0,,
2026-01-30 06:00,TANNERHILL CO,TNHC-3008,TANNERHILL NESTING COOKWARE SET 8PC,153,0,0,153,0,,
2026-01-30 06:00,TANNERHILL CO,TNHC-4001,TANNERHILL WINDSHIELD PANEL SET,1089,2,0,1087,0,,
2026-01-30 06:00,TANNERHILL CO,TNHC-4002,TANNERHILL FOLDING PREP TABLE,394,1,0,393,0,,
2026-01-30 06:00,TANNERHILL CO,TNHC-4003,TANNERHILL INSULATED COFFEE PRESS,366,3,0,363,0,,
2026-01-30 06:00,TANNERHILL CO,TNHC-4004,TANNERHILL FIRE POKER + TOOL SET,309,1,0,308,0,,
2026-01-30 06:00,TANNERHILL CO,TNHC-4005,TANNERHILL GRILL GRATE CLEANER KIT,375,1,0,374,0,,
2026-01-31 06:00,TANNERHILL CO,TNHC-1001,TANNERHILL TRAILHEAD PORTABLE GRILL BLK,511,1,6,504,0,,
2026-01-31 06:00,TANNERHILL CO,TNHC-1002,TANNERHILL TRAILHEAD GRILL PRO,126,0,0,126,0,,
2026-01-31 06:00,TANNERHILL CO,TNHC-2010,TANNERHILL CAST IRON SKILLET 10IN,1029,5,0,1024,0,,
2026-01-31 06:00,TANNERHILL CO,TNHC-2006,TANNERHILL CAST IRON DUTCH OVEN 6QT,422,4,0,418,0,,
2026-01-31 06:00,TANNERHILL CO,TNHC-3001,TANNERHILL CAMP KITCHEN KIT DELUXE,242,0,0,242,0,,
2026-01-31 06:00,TANNERHILL CO,TNHC-3002,TANNERHILL CAMP KITCHEN KIT BASIC,211,0,0,211,0,,
2026-01-31 06:00,TANNERHILL CO,TNHC-3008,TANNERHILL NESTING COOKWARE SET 8PC,152,0,0,152,0,,
2026-01-31 06:00,TANNERHILL CO,TNHC-4001,TANNERHILL WINDSHIELD PANEL SET,1087,0,0,1087,0,,
2026-01-31 06:00,TANNERHILL CO,TNHC-4002,TANNERHILL FOLDING PREP TABLE,392,0,0,392,0,,
2026-01-31 06:00,TANNERHILL CO,TNHC-4003,TANNERHILL INSULATED COFFEE PRESS,361,0,0,361,0,,
2026-01-31 06:00,TANNERHILL CO,TNHC-4004,TANNERHILL FIRE POKER + TOOL SET,306,0,0,306,0,,
2026-01-31 06:00,TANNERHILL CO,TNHC-4005,TANNERHILL GRILL GRATE CLEANER KIT,373,2,0,371,0,,
2026-02-01 06:00,TANNERHILL CO,TNHC-1001,TANNERHILL TRAILHEAD PORTABLE GRILL BLK,508,0,6,502,0,,
2026-02-01 06:00,TANNERHILL CO,TNHC-1002,TANNERHILL TRAILHEAD GRILL PRO,125,0,0,125,0,,
2026-02-01 06:00,TANNERHILL CO,TNHC-2010,TANNERHILL CAST IRON SKILLET 10IN,1021,6,0,1015,0,,
2026-02-01 06:00,TANNERHILL CO,TNHC-2006,TANNERHILL CAST IRON DUTCH OVEN 6QT,415,0,0,415,0,,
2026-02-01 06:00,TANNERHILL CO,TNHC-3001,TANNERHILL CAMP KITCHEN KIT DELUXE,241,2,0,239,0,,
2026-02-01 06:00,TANNERHILL CO,TNHC-3002,TANNERHILL CAMP KITCHEN KIT BASIC,210,1,0,209,0,,
2026-02-01 06:00,TANNERHILL CO,TNHC-3008,TANNERHILL NESTING COOKWARE SET 8PC,152,2,0,150,0,,
2026-02-01 06:00,TANNERHILL CO,TNHC-4001,TANNERHILL WINDSHIELD PANEL SET,1085,2,0,1083,0,,
2026-02-01 06:00,TANNERHILL CO,TNHC-4002,TANNERHILL FOLDING PREP TABLE,391,0,0,391,0,,
2026-02-01 06:00,TANNERHILL CO,TNHC-4003,TANNERHILL INSULATED COFFEE PRESS,359,1,0,358,0,,
2026-02-01 06:00,TANNERHILL CO,TNHC-4004,TANNERHILL FIRE POKER + TOOL SET,304,0,0,304,0,,
2026-02-01 06:00,TANNERHILL CO,TNHC-4005,TANNERHILL GRILL GRATE CLEANER KIT,368,1,0,367,0,,
2026-02-02 06:00,TANNERHILL CO,TNHC-1001,TANNERHILL TRAILHEAD PORTABLE GRILL BLK,504,1,6,497,0,,
2026-02-02 06:00,TANNERHILL CO,TNHC-1002,TANNERHILL TRAILHEAD GRILL PRO,125,1,0,124,0,,
2026-02-02 06:00,TANNERHILL CO,TNHC-2010,TANNERHILL CAST IRON SKILLET 10IN,1012,2,0,1010,0,,
2026-02-02 06:00,TANNERHILL CO,TNHC-2006,TANNERHILL CAST IRON DUTCH OVEN 6QT,413,7,0,406,0,,
2026-02-02 06:00,TANNERHILL CO,TNHC-3001,TANNERHILL CAMP KITCHEN KIT DELUXE,239,0,0,239,0,,
2026-02-02 06:00,TANNERHILL CO,TNHC-3002,TANNERHILL CAMP KITCHEN KIT BASIC,208,1,0,207,0,,
2026-02-02 06:00,TANNERHILL CO,TNHC-3008,TANNERHILL NESTING COOKWARE SET 8PC,149,0,0,149,0,,
2026-02-02 06:00,TANNERHILL CO,TNHC-4001,TANNERHILL WINDSHIELD PANEL SET,1082,1,0,1081,0,,
2026-02-02 06:00,TANNERHILL CO,TNHC-4002,TANNERHILL FOLDING PREP TABLE,391,0,0,391,0,,
2026-02-02 06:00,TANNERHILL CO,TNHC-4003,TANNERHILL INSULATED COFFEE PRESS,355,1,0,354,0,,
2026-02-02 06:00,TANNERHILL CO,TNHC-4004,TANNERHILL FIRE POKER + TOOL SET,299,1,0,298,0,,
2026-02-02 06:00,TANNERHILL CO,TNHC-4005,TANNERHILL GRILL GRATE CLEANER KIT,362,0,0,362,0,,
2026-02-03 06:00,TANNERHILL CO,TNHC-1001,TANNERHILL TRAILHEAD PORTABLE GRILL BLK,500,4,6,490,0,,
2026-02-03 06:00,TANNERHILL CO,TNHC-1002,TANNERHILL TRAILHEAD GRILL PRO,124,1,0,123,0,,
2026-02-03 06:00,TANNERHILL CO,TNHC-2010,TANNERHILL CAST IRON SKILLET 10IN,1006,5,0,1001,0,,
2026-02-03 06:00,TANNERHILL CO,TNHC-2006,TANNERHILL CAST IRON DUTCH OVEN 6QT,405,1,0,404,0,,
2026-02-03 06:00,TANNERHILL CO,TNHC-3001,TANNERHILL CAMP KITCHEN KIT DELUXE,238,0,0,238,0,,
2026-02-03 06:00,TANNERHILL CO,TNHC-3002,TANNERHILL CAMP KITCHEN KIT BASIC,204,0,0,204,0,,
2026-02-03 06:00,TANNERHILL CO,TNHC-3008,TANNERHILL NESTING COOKWARE SET 8PC,149,1,0,148,0,,
2026-02-03 06:00,TANNERHILL CO,TNHC-4001,TANNERHILL WINDSHIELD PANEL SET,1081,0,0,1081,0,,
2026-02-03 06:00,TANNERHILL CO,TNHC-4002,TANNERHILL FOLDING PREP TABLE,390,0,0,390,0,,
2026-02-03 06:00,TANNERHILL CO,TNHC-4003,TANNERHILL INSULATED COFFEE PRESS,347,2,0,345,0,,
2026-02-03 06:00,TANNERHILL CO,TNHC-4004,TANNERHILL FIRE POKER + TOOL SET,297,2,0,295,0,,
2026-02-03 06:00,TANNERHILL CO,TNHC-4005,TANNERHILL GRILL GRATE CLEANER KIT,357,3,0,354,0,,
2026-02-04 06:00,TANNERHILL CO,TNHC-1001,TANNERHILL TRAILHEAD PORTABLE GRILL BLK,494,3,6,485,0,,
2026-02-04 06:00,TANNERHILL CO,TNHC-1002,TANNERHILL TRAILHEAD GRILL PRO,122,0,0,122,0,,
2026-02-04 06:00,TANNERHILL CO,TNHC-2010,TANNERHILL CAST IRON SKILLET 10IN,996,8,0,988,0,,
2026-02-04 06:00,TANNERHILL CO,TNHC-2006,TANNERHILL CAST IRON DUTCH OVEN 6QT,403,2,0,401,0,,
2026-02-04 06:00,TANNERHILL CO,TNHC-3001,TANNERHILL CAMP KITCHEN KIT DELUXE,238,0,0,238,0,,
2026-02-04 06:00,TANNERHILL CO,TNHC-3002,TANNERHILL CAMP KITCHEN KIT BASIC,202,1,0,201,0,,
2026-02-04 06:00,TANNERHILL CO,TNHC-3008,TANNERHILL NESTING COOKWARE SET 8PC,148,1,0,147,0,,
2026-02-04 06:00,TANNERHILL CO,TNHC-4001,TANNERHILL WINDSHIELD PANEL SET,1080,0,0,1080,0,,
2026-02-04 06:00,TANNERHILL CO,TNHC-4002,TANNERHILL FOLDING PREP TABLE,387,0,0,387,0,,
2026-02-04 06:00,TANNERHILL CO,TNHC-4003,TANNERHILL INSULATED COFFEE PRESS,346,1,0,345,0,,
2026-02-04 06:00,TANNERHILL CO,TNHC-4004,TANNERHILL FIRE POKER + TOOL SET,295,1,0,294,0,,
2026-02-04 06:00,TANNERHILL CO,TNHC-4005,TANNERHILL GRILL GRATE CLEANER KIT,351,1,0,350,0,,
2026-02-05 06:00,TANNERHILL CO,TNHC-1001,TANNERHILL TRAILHEAD PORTABLE GRILL BLK,489,2,6,481,0,,
2026-02-05 06:00,TANNERHILL CO,TNHC-1002,TANNERHILL TRAILHEAD GRILL PRO,121,1,0,120,0,,
2026-02-05 06:00,TANNERHILL CO,TNHC-2010,TANNERHILL CAST IRON SKILLET 10IN,986,1,0,985,0,,
2026-02-05 06:00,TANNERHILL CO,TNHC-2006,TANNERHILL CAST IRON DUTCH OVEN 6QT,396,1,0,395,0,,
2026-02-05 06:00,TANNERHILL CO,TNHC-3001,TANNERHILL CAMP KITCHEN KIT DELUXE,238,0,0,238,0,,
2026-02-05 06:00,TANNERHILL CO,TNHC-3002,TANNERHILL CAMP KITCHEN KIT BASIC,200,1,0,199,0,,
2026-02-05 06:00,TANNERHILL CO,TNHC-3008,TANNERHILL NESTING COOKWARE SET 8PC,148,2,0,146,0,,
2026-02-05 06:00,TANNERHILL CO,TNHC-4001,TANNERHILL WINDSHIELD PANEL SET,1079,0,0,1079,0,,
2026-02-05 06:00,TANNERHILL CO,TNHC-4002,TANNERHILL FOLDING PREP TABLE,387,2,0,385,0,,
2026-02-05 06:00,TANNERHILL CO,TNHC-4003,TANNERHILL INSULATED COFFEE PRESS,343,0,0,343,0,,
2026-02-05 06:00,TANNERHILL CO,TNHC-4004,TANNERHILL FIRE POKER + TOOL SET,290,2,0,288,0,,
2026-02-05 06:00,TANNERHILL CO,TNHC-4005,TANNERHILL GRILL GRATE CLEANER KIT,345,0,0,345,0,,
2026-02-06 06:00,TANNERHILL CO,TNHC-1001,TANNERHILL TRAILHEAD PORTABLE GRILL BLK,485,0,6,479,0,,
2026-02-06 06:00,TANNERHILL CO,TNHC-1002,TANNERHILL TRAILHEAD GRILL PRO,121,0,0,121,0,,
2026-02-06 06:00,TANNERHILL CO,TNHC-2010,TANNERHILL CAST IRON SKILLET 10IN,982,3,0,979,0,,
2026-02-06 06:00,TANNERHILL CO,TNHC-2006,TANNERHILL CAST IRON DUTCH OVEN 6QT,393,0,0,393,0,,
2026-02-06 06:00,TANNERHILL CO,TNHC-3001,TANNERHILL CAMP KITCHEN KIT DELUXE,238,2,0,236,0,,
2026-02-06 06:00,TANNERHILL CO,TNHC-3002,TANNERHILL CAMP KITCHEN KIT BASIC,197,0,0,197,0,,
2026-02-06 06:00,TANNERHILL CO,TNHC-3008,TANNERHILL NESTING COOKWARE SET 8PC,146,0,0,146,0,,
2026-02-06 06:00,TANNERHILL CO,TNHC-4001,TANNERHILL WINDSHIELD PANEL SET,1077,0,0,1077,0,,
2026-02-06 06:00,TANNERHILL CO,TNHC-4002,TANNERHILL FOLDING PREP TABLE,383,1,0,382,0,,
2026-02-06 06:00,TANNERHILL CO,TNHC-4003,TANNERHILL INSULATED COFFEE PRESS,342,0,0,342,0,,
2026-02-06 06:00,TANNERHILL CO,TNHC-4004,TANNERHILL FIRE POKER + TOOL SET,287,1,0,286,0,,
2026-02-06 06:00,TANNERHILL CO,TNHC-4005,TANNERHILL GRILL GRATE CLEANER KIT,340,1,0,339,0,,
2026-02-07 06:00,TANNERHILL CO,TNHC-1001,TANNERHILL TRAILHEAD PORTABLE GRILL BLK,480,0,6,474,0,,
2026-02-07 06:00,TANNERHILL CO,TNHC-1002,TANNERHILL TRAILHEAD GRILL PRO,120,1,0,119,0,,
2026-02-07 06:00,TANNERHILL CO,TNHC-2010,TANNERHILL CAST IRON SKILLET 10IN,974,1,0,973,0,,
2026-02-07 06:00,TANNERHILL CO,TNHC-2006,TANNERHILL CAST IRON DUTCH OVEN 6QT,391,1,0,390,0,,
2026-02-07 06:00,TANNERHILL CO,TNHC-3001,TANNERHILL CAMP KITCHEN KIT DELUXE,234,0,0,234,0,,
2026-02-07 06:00,TANNERHILL CO,TNHC-3002,TANNERHILL CAMP KITCHEN KIT BASIC,196,1,0,195,0,,
2026-02-07 06:00,TANNERHILL CO,TNHC-3008,TANNERHILL NESTING COOKWARE SET 8PC,146,2,0,144,0,,
2026-02-07 06:00,TANNERHILL CO,TNHC-4001,TANNERHILL WINDSHIELD PANEL SET,1077,2,0,1075,0,,
2026-02-07 06:00,TANNERHILL CO,TNHC-4002,TANNERHILL FOLDING PREP TABLE,383,0,0,383,0,,
2026-02-07 06:00,TANNERHILL CO,TNHC-4003,TANNERHILL INSULATED COFFEE PRESS,340,4,0,336,0,,
2026-02-07 06:00,TANNERHILL CO,TNHC-4004,TANNERHILL FIRE POKER + TOOL SET,285,3,0,282,0,,
2026-02-07 06:00,TANNERHILL CO,TNHC-4005,TANNERHILL GRILL GRATE CLEANER KIT,337,1,0,336,0,,
2026-02-08 06:00,TANNERHILL CO,TNHC-1001,TANNERHILL TRAILHEAD PORTABLE GRILL BLK,475,1,6,468,0,,
2026-02-08 06:00,TANNERHILL CO,TNHC-1002,TANNERHILL TRAILHEAD GRILL PRO,118,2,0,116,0,,
2026-02-08 06:00,TANNERHILL CO,TNHC-2010,TANNERHILL CAST IRON SKILLET 10IN,963,3,0,960,0,,
2026-02-08 06:00,TANNERHILL CO,TNHC-2006,TANNERHILL CAST IRON DUTCH OVEN 6QT,386,2,0,384,0,,
2026-02-08 06:00,TANNERHILL CO,TNHC-3001,TANNERHILL CAMP KITCHEN KIT DELUXE,233,0,0,233,0,,
2026-02-08 06:00,TANNERHILL CO,TNHC-3002,TANNERHILL CAMP KITCHEN KIT BASIC,194,1,0,193,0,,
2026-02-08 06:00,TANNERHILL CO,TNHC-3008,TANNERHILL NESTING COOKWARE SET 8PC,142,1,0,141,0,,
2026-02-08 06:00,TANNERHILL CO,TNHC-4001,TANNERHILL WINDSHIELD PANEL SET,1074,0,0,1074,0,,
2026-02-08 06:00,TANNERHILL CO,TNHC-4002,TANNERHILL FOLDING PREP TABLE,381,0,0,381,0,,
2026-02-08 06:00,TANNERHILL CO,TNHC-4003,TANNERHILL INSULATED COFFEE PRESS,332,1,0,331,0,,
2026-02-08 06:00,TANNERHILL CO,TNHC-4004,TANNERHILL FIRE POKER + TOOL SET,280,1,0,279,0,,
2026-02-08 06:00,TANNERHILL CO,TNHC-4005,TANNERHILL GRILL GRATE CLEANER KIT,333,0,0,333,0,,
2026-02-09 06:00,TANNERHILL CO,TNHC-1001,TANNERHILL TRAILHEAD PORTABLE GRILL BLK,471,0,6,465,0,,
2026-02-09 06:00,TANNERHILL CO,TNHC-1002,TANNERHILL TRAILHEAD GRILL PRO,115,0,0,115,0,,
2026-02-09 06:00,TANNERHILL CO,TNHC-2010,TANNERHILL CAST IRON SKILLET 10IN,957,11,0,946,0,,
2026-02-09 06:00,TANNERHILL CO,TNHC-2006,TANNERHILL CAST IRON DUTCH OVEN 6QT,382,4,0,378,0,,
2026-02-09 06:00,TANNERHILL CO,TNHC-3001,TANNERHILL CAMP KITCHEN KIT DELUXE,233,0,0,233,0,,
2026-02-09 06:00,TANNERHILL CO,TNHC-3002,TANNERHILL CAMP KITCHEN KIT BASIC,192,1,0,191,0,,
2026-02-09 06:00,TANNERHILL CO,TNHC-3008,TANNERHILL NESTING COOKWARE SET 8PC,142,0,0,142,0,,
2026-02-09 06:00,TANNERHILL CO,TNHC-4001,TANNERHILL WINDSHIELD PANEL SET,1073,0,0,1073,0,,
2026-02-09 06:00,TANNERHILL CO,TNHC-4002,TANNERHILL FOLDING PREP TABLE,381,1,0,380,0,,
2026-02-09 06:00,TANNERHILL CO,TNHC-4003,TANNERHILL INSULATED COFFEE PRESS,331,3,0,328,0,,
2026-02-09 06:00,TANNERHILL CO,TNHC-4004,TANNERHILL FIRE POKER + TOOL SET,274,0,0,274,0,,
2026-02-09 06:00,TANNERHILL CO,TNHC-4005,TANNERHILL GRILL GRATE CLEANER KIT,327,2,0,325,0,,
2026-02-10 06:00,TANNERHILL CO,TNHC-1001,TANNERHILL TRAILHEAD PORTABLE GRILL BLK,465,0,6,459,0,,
2026-02-10 06:00,TANNERHILL CO,TNHC-1002,TANNERHILL TRAILHEAD GRILL PRO,115,2,0,113,0,,
2026-02-10 06:00,TANNERHILL CO,TNHC-2010,TANNERHILL CAST IRON SKILLET 10IN,941,1,0,940,0,,
2026-02-10 06:00,TANNERHILL CO,TNHC-2006,TANNERHILL CAST IRON DUTCH OVEN 6QT,376,2,0,374,0,,
2026-02-10 06:00,TANNERHILL CO,TNHC-3001,TANNERHILL CAMP KITCHEN KIT DELUXE,233,0,0,233,0,,
2026-02-10 06:00,TANNERHILL CO,TNHC-3002,TANNERHILL CAMP KITCHEN KIT BASIC,191,0,0,191,0,,
2026-02-10 06:00,TANNERHILL CO,TNHC-3008,TANNERHILL NESTING COOKWARE SET 8PC,141,1,0,140,0,,
2026-02-10 06:00,TANNERHILL CO,TNHC-4001,TANNERHILL WINDSHIELD PANEL SET,1072,0,0,1072,0,,
2026-02-10 06:00,TANNERHILL CO,TNHC-4002,TANNERHILL FOLDING PREP TABLE,379,0,0,379,0,,
2026-02-10 06:00,TANNERHILL CO,TNHC-4003,TANNERHILL INSULATED COFFEE PRESS,324,2,0,322,0,,
2026-02-10 06:00,TANNERHILL CO,TNHC-4004,TANNERHILL FIRE POKER + TOOL SET,273,0,0,273,0,,
2026-02-10 06:00,TANNERHILL CO,TNHC-4005,TANNERHILL GRILL GRATE CLEANER KIT,323,0,0,323,0,,
2026-02-11 06:00,TANNERHILL CO,TNHC-1001,TANNERHILL TRAILHEAD PORTABLE GRILL BLK,461,1,6,454,300,2026-03-25,PO-2602-008
2026-02-11 06:00,TANNERHILL CO,TNHC-1002,TANNERHILL TRAILHEAD GRILL PRO,114,0,0,114,0,,
2026-02-11 06:00,TANNERHILL CO,TNHC-2010,TANNERHILL CAST IRON SKILLET 10IN,934,3,0,931,0,,
2026-02-11 06:00,TANNERHILL CO,TNHC-2006,TANNERHILL CAST IRON DUTCH OVEN 6QT,372,1,0,371,0,,
2026-02-11 06:00,TANNERHILL CO,TNHC-3001,TANNERHILL CAMP KITCHEN KIT DELUXE,232,2,0,230,0,,
2026-02-11 06:00,TANNERHILL CO,TNHC-3002,TANNERHILL CAMP KITCHEN KIT BASIC,190,2,0,188,0,,
2026-02-11 06:00,TANNERHILL CO,TNHC-3008,TANNERHILL NESTING COOKWARE SET 8PC,140,1,0,139,0,,
2026-02-11 06:00,TANNERHILL CO,TNHC-4001,TANNERHILL WINDSHIELD PANEL SET,1071,0,0,1071,0,,
2026-02-11 06:00,TANNERHILL CO,TNHC-4002,TANNERHILL FOLDING PREP TABLE,379,0,0,379,0,,
2026-02-11 06:00,TANNERHILL CO,TNHC-4003,TANNERHILL INSULATED COFFEE PRESS,321,0,0,321,0,,
2026-02-11 06:00,TANNERHILL CO,TNHC-4004,TANNERHILL FIRE POKER + TOOL SET,270,0,0,270,0,,
2026-02-11 06:00,TANNERHILL CO,TNHC-4005,TANNERHILL GRILL GRATE CLEANER KIT,321,1,0,320,0,,
2026-02-12 06:00,TANNERHILL CO,TNHC-1001,TANNERHILL TRAILHEAD PORTABLE GRILL BLK,457,2,6,449,300,2026-03-25,PO-2602-008
2026-02-12 06:00,TANNERHILL CO,TNHC-1002,TANNERHILL TRAILHEAD GRILL PRO,113,0,0,113,0,,
2026-02-12 06:00,TANNERHILL CO,TNHC-2010,TANNERHILL CAST IRON SKILLET 10IN,926,5,0,921,0,,
2026-02-12 06:00,TANNERHILL CO,TNHC-2006,TANNERHILL CAST IRON DUTCH OVEN 6QT,370,1,0,369,0,,
2026-02-12 06:00,TANNERHILL CO,TNHC-3001,TANNERHILL CAMP KITCHEN KIT DELUXE,230,0,0,230,0,,
2026-02-12 06:00,TANNERHILL CO,TNHC-3002,TANNERHILL CAMP KITCHEN KIT BASIC,187,2,0,185,0,,
2026-02-12 06:00,TANNERHILL CO,TNHC-3008,TANNERHILL NESTING COOKWARE SET 8PC,137,1,0,136,0,,
2026-02-12 06:00,TANNERHILL CO,TNHC-4001,TANNERHILL WINDSHIELD PANEL SET,1071,0,0,1071,0,,
2026-02-12 06:00,TANNERHILL CO,TNHC-4002,TANNERHILL FOLDING PREP TABLE,377,0,0,377,0,,
2026-02-12 06:00,TANNERHILL CO,TNHC-4003,TANNERHILL INSULATED COFFEE PRESS,319,2,0,317,0,,
2026-02-12 06:00,TANNERHILL CO,TNHC-4004,TANNERHILL FIRE POKER + TOOL SET,269,1,0,268,0,,
2026-02-12 06:00,TANNERHILL CO,TNHC-4005,TANNERHILL GRILL GRATE CLEANER KIT,317,3,0,314,0,,
2026-02-13 06:00,TANNERHILL CO,TNHC-1001,TANNERHILL TRAILHEAD PORTABLE GRILL BLK,453,1,6,446,300,2026-03-25,PO-2602-008
2026-02-13 06:00,TANNERHILL CO,TNHC-1002,TANNERHILL TRAILHEAD GRILL PRO,113,0,0,113,0,,
2026-02-13 06:00,TANNERHILL CO,TNHC-2010,TANNERHILL CAST IRON SKILLET 10IN,918,15,0,903,0,,
2026-02-13 06:00,TANNERHILL CO,TNHC-2006,TANNERHILL CAST IRON DUTCH OVEN 6QT,363,1,0,362,0,,
2026-02-13 06:00,TANNERHILL CO,TNHC-3001,TANNERHILL CAMP KITCHEN KIT DELUXE,229,1,0,228,0,,
2026-02-13 06:00,TANNERHILL CO,TNHC-3002,TANNERHILL CAMP KITCHEN KIT BASIC,181,1,0,180,0,,
2026-02-13 06:00,TANNERHILL CO,TNHC-3008,TANNERHILL NESTING COOKWARE SET 8PC,134,0,0,134,0,,
2026-02-13 06:00,TANNERHILL CO,TNHC-4001,TANNERHILL WINDSHIELD PANEL SET,1071,1,0,1070,0,,
2026-02-13 06:00,TANNERHILL CO,TNHC-4002,TANNERHILL FOLDING PREP TABLE,377,1,0,376,0,,
2026-02-13 06:00,TANNERHILL CO,TNHC-4003,TANNERHILL INSULATED COFFEE PRESS,315,2,0,313,0,,
2026-02-13 06:00,TANNERHILL CO,TNHC-4004,TANNERHILL FIRE POKER + TOOL SET,266,4,0,262,0,,
2026-02-13 06:00,TANNERHILL CO,TNHC-4005,TANNERHILL GRILL GRATE CLEANER KIT,312,2,0,310,0,,
2026-02-14 06:00,TANNERHILL CO,TNHC-1001,TANNERHILL TRAILHEAD PORTABLE GRILL BLK,449,3,6,440,300,2026-03-25,PO-2602-008
2026-02-14 06:00,TANNERHILL CO,TNHC-1002,TANNERHILL TRAILHEAD GRILL PRO,112,0,0,112,0,,
2026-02-14 06:00,TANNERHILL CO,TNHC-2010,TANNERHILL CAST IRON SKILLET 10IN,905,7,0,898,0,,
2026-02-14 06:00,TANNERHILL CO,TNHC-2006,TANNERHILL CAST IRON DUTCH OVEN 6QT,361,1,0,360,0,,
2026-02-14 06:00,TANNERHILL CO,TNHC-3001,TANNERHILL CAMP KITCHEN KIT DELUXE,228,1,0,227,0,,
2026-02-14 06:00,TANNERHILL CO,TNHC-3002,TANNERHILL CAMP KITCHEN KIT BASIC,181,1,0,180,0,,
2026-02-14 06:00,TANNERHILL CO,TNHC-3008,TANNERHILL NESTING COOKWARE SET 8PC,133,0,0,133,0,,
2026-02-14 06:00,TANNERHILL CO,TNHC-4001,TANNERHILL WINDSHIELD PANEL SET,1070,1,0,1069,0,,
2026-02-14 06:00,TANNERHILL CO,TNHC-4002,TANNERHILL FOLDING PREP TABLE,376,0,0,376,0,,
2026-02-14 06:00,TANNERHILL CO,TNHC-4003,TANNERHILL INSULATED COFFEE PRESS,310,3,0,307,0,,
2026-02-14 06:00,TANNERHILL CO,TNHC-4004,TANNERHILL FIRE POKER + TOOL SET,260,2,0,258,0,,
2026-02-14 06:00,TANNERHILL CO,TNHC-4005,TANNERHILL GRILL GRATE CLEANER KIT,309,0,0,309,0,,
2026-02-15 06:00,TANNERHILL CO,TNHC-1001,TANNERHILL TRAILHEAD PORTABLE GRILL BLK,445,1,6,438,300,2026-03-25,PO-2602-008
2026-02-15 06:00,TANNERHILL CO,TNHC-1002,TANNERHILL TRAILHEAD GRILL PRO,112,1,0,111,0,,
2026-02-15 06:00,TANNERHILL CO,TNHC-2010,TANNERHILL CAST IRON SKILLET 10IN,891,4,0,887,0,,
2026-02-15 06:00,TANNERHILL CO,TNHC-2006,TANNERHILL CAST IRON DUTCH OVEN 6QT,357,1,0,356,0,,
2026-02-15 06:00,TANNERHILL CO,TNHC-3001,TANNERHILL CAMP KITCHEN KIT DELUXE,227,1,0,226,0,,
2026-02-15 06:00,TANNERHILL CO,TNHC-3002,TANNERHILL CAMP KITCHEN KIT BASIC,179,1,0,178,0,,
2026-02-15 06:00,TANNERHILL CO,TNHC-3008,TANNERHILL NESTING COOKWARE SET 8PC,130,1,0,129,0,,
2026-02-15 06:00,TANNERHILL CO,TNHC-4001,TANNERHILL WINDSHIELD PANEL SET,1067,2,0,1065,0,,
2026-02-15 06:00,TANNERHILL CO,TNHC-4002,TANNERHILL FOLDING PREP TABLE,376,0,0,376,0,,
2026-02-15 06:00,TANNERHILL CO,TNHC-4003,TANNERHILL INSULATED COFFEE PRESS,306,1,0,305,0,,
2026-02-15 06:00,TANNERHILL CO,TNHC-4004,TANNERHILL FIRE POKER + TOOL SET,253,1,0,252,0,,
2026-02-15 06:00,TANNERHILL CO,TNHC-4005,TANNERHILL GRILL GRATE CLEANER KIT,304,3,0,301,0,,
2026-02-16 06:00,TANNERHILL CO,TNHC-1001,TANNERHILL TRAILHEAD PORTABLE GRILL BLK,440,3,6,431,300,2026-03-25,PO-2602-008
2026-02-16 06:00,TANNERHILL CO,TNHC-1002,TANNERHILL TRAILHEAD GRILL PRO,111,1,0,110,0,,
2026-02-16 06:00,TANNERHILL CO,TNHC-2010,TANNERHILL CAST IRON SKILLET 10IN,881,6,0,875,0,,
2026-02-16 06:00,TANNERHILL CO,TNHC-2006,TANNERHILL CAST IRON DUTCH OVEN 6QT,351,2,0,349,0,,
2026-02-16 06:00,TANNERHILL CO,TNHC-3001,TANNERHILL CAMP KITCHEN KIT DELUXE,225,1,0,224,0,,
2026-02-16 06:00,TANNERHILL CO,TNHC-3002,TANNERHILL CAMP KITCHEN KIT BASIC,177,1,0,176,0,,
2026-02-16 06:00,TANNERHILL CO,TNHC-3008,TANNERHILL NESTING COOKWARE SET 8PC,129,0,0,129,0,,
2026-02-16 06:00,TANNERHILL CO,TNHC-4001,TANNERHILL WINDSHIELD PANEL SET,1063,0,0,1063,0,,
2026-02-16 06:00,TANNERHILL CO,TNHC-4002,TANNERHILL FOLDING PREP TABLE,375,1,0,374,0,,
2026-02-16 06:00,TANNERHILL CO,TNHC-4003,TANNERHILL INSULATED COFFEE PRESS,301,2,0,299,0,,
2026-02-16 06:00,TANNERHILL CO,TNHC-4004,TANNERHILL FIRE POKER + TOOL SET,250,1,0,249,0,,
2026-02-16 06:00,TANNERHILL CO,TNHC-4005,TANNERHILL GRILL GRATE CLEANER KIT,297,2,0,295,0,,
2026-02-17 06:00,TANNERHILL CO,TNHC-1001,TANNERHILL TRAILHEAD PORTABLE GRILL BLK,434,1,6,427,300,2026-03-25,PO-2602-008
2026-02-17 06:00,TANNERHILL CO,TNHC-1002,TANNERHILL TRAILHEAD GRILL PRO,111,0,0,111,0,,
2026-02-17 06:00,TANNERHILL CO,TNHC-2010,TANNERHILL CAST IRON SKILLET 10IN,869,0,0,869,0,,
2026-02-17 06:00,TANNERHILL CO,TNHC-2006,TANNERHILL CAST IRON DUTCH OVEN 6QT,349,4,0,345,0,,
2026-02-17 06:00,TANNERHILL CO,TNHC-3001,TANNERHILL CAMP KITCHEN KIT DELUXE,224,1,0,223,0,,
2026-02-17 06:00,TANNERHILL CO,TNHC-3002,TANNERHILL CAMP KITCHEN KIT BASIC,174,1,0,173,0,,
2026-02-17 06:00,TANNERHILL CO,TNHC-3008,TANNERHILL NESTING COOKWARE SET 8PC,128,0,0,128,0,,
2026-02-17 06:00,TANNERHILL CO,TNHC-4001,TANNERHILL WINDSHIELD PANEL SET,1062,0,0,1062,0,,
2026-02-17 06:00,TANNERHILL CO,TNHC-4002,TANNERHILL FOLDING PREP TABLE,374,1,0,373,0,,
2026-02-17 06:00,TANNERHILL CO,TNHC-4003,TANNERHILL INSULATED COFFEE PRESS,296,4,0,292,0,,
2026-02-17 06:00,TANNERHILL CO,TNHC-4004,TANNERHILL FIRE POKER + TOOL SET,248,2,0,246,0,,
2026-02-17 06:00,TANNERHILL CO,TNHC-4005,TANNERHILL GRILL GRATE CLEANER KIT,293,3,0,290,0,,
2026-02-18 06:00,TANNERHILL CO,TNHC-1001,TANNERHILL TRAILHEAD PORTABLE GRILL BLK,431,1,6,424,300,2026-03-25,PO-2602-008
2026-02-18 06:00,TANNERHILL CO,TNHC-1002,TANNERHILL TRAILHEAD GRILL PRO,111,2,0,109,0,,
2026-02-18 06:00,TANNERHILL CO,TNHC-2010,TANNERHILL CAST IRON SKILLET 10IN,863,1,0,862,0,,
2026-02-18 06:00,TANNERHILL CO,TNHC-2006,TANNERHILL CAST IRON DUTCH OVEN 6QT,342,0,0,342,0,,
2026-02-18 06:00,TANNERHILL CO,TNHC-3001,TANNERHILL CAMP KITCHEN KIT DELUXE,221,1,0,220,0,,
2026-02-18 06:00,TANNERHILL CO,TNHC-3002,TANNERHILL CAMP KITCHEN KIT BASIC,171,0,0,171,0,,
2026-02-18 06:00,TANNERHILL CO,TNHC-3008,TANNERHILL NESTING COOKWARE SET 8PC,127,0,0,127,0,,
2026-02-18 06:00,TANNERHILL CO,TNHC-4001,TANNERHILL WINDSHIELD PANEL SET,1061,0,0,1061,0,,
2026-02-18 06:00,TANNERHILL CO,TNHC-4002,TANNERHILL FOLDING PREP TABLE,371,0,0,371,0,,
2026-02-18 06:00,TANNERHILL CO,TNHC-4003,TANNERHILL INSULATED COFFEE PRESS,291,1,0,290,0,,
2026-02-18 06:00,TANNERHILL CO,TNHC-4004,TANNERHILL FIRE POKER + TOOL SET,242,0,0,242,0,,
2026-02-18 06:00,TANNERHILL CO,TNHC-4005,TANNERHILL GRILL GRATE CLEANER KIT,287,0,0,287,0,,
2026-02-19 06:00,TANNERHILL CO,TNHC-1001,TANNERHILL TRAILHEAD PORTABLE GRILL BLK,426,1,6,419,300,2026-03-25,PO-2602-008
2026-02-19 06:00,TANNERHILL CO,TNHC-1002,TANNERHILL TRAILHEAD GRILL PRO,107,0,0,107,0,,
2026-02-19 06:00,TANNERHILL CO,TNHC-2010,TANNERHILL CAST IRON SKILLET 10IN,861,3,0,858,0,,
2026-02-19 06:00,TANNERHILL CO,TNHC-2006,TANNERHILL CAST IRON DUTCH OVEN 6QT,340,3,0,337,0,,
2026-02-19 06:00,TANNERHILL CO,TNHC-3001,TANNERHILL CAMP KITCHEN KIT DELUXE,220,0,0,220,0,,
2026-02-19 06:00,TANNERHILL CO,TNHC-3002,TANNERHILL CAMP KITCHEN KIT BASIC,169,1,0,168,0,,
2026-02-19 06:00,TANNERHILL CO,TNHC-3008,TANNERHILL NESTING COOKWARE SET 8PC,127,1,0,126,0,,
2026-02-19 06:00,TANNERHILL CO,TNHC-4001,TANNERHILL WINDSHIELD PANEL SET,1059,2,0,1057,0,,
2026-02-19 06:00,TANNERHILL CO,TNHC-4002,TANNERHILL FOLDING PREP TABLE,371,0,0,371,0,,
2026-02-19 06:00,TANNERHILL CO,TNHC-4003,TANNERHILL INSULATED COFFEE PRESS,291,1,0,290,0,,
2026-02-19 06:00,TANNERHILL CO,TNHC-4004,TANNERHILL FIRE POKER + TOOL SET,239,2,0,237,0,,
2026-02-19 06:00,TANNERHILL CO,TNHC-4005,TANNERHILL GRILL GRATE CLEANER KIT,282,2,0,280,0,,
2026-02-20 06:00,TANNERHILL CO,TNHC-1001,TANNERHILL TRAILHEAD PORTABLE GRILL BLK,421,1,6,414,300,2026-03-25,PO-2602-008
2026-02-20 06:00,TANNERHILL CO,TNHC-1002,TANNERHILL TRAILHEAD GRILL PRO,107,0,0,107,0,,
2026-02-20 06:00,TANNERHILL CO,TNHC-2010,TANNERHILL CAST IRON SKILLET 10IN,851,4,0,847,0,,
2026-02-20 06:00,TANNERHILL CO,TNHC-2006,TANNERHILL CAST IRON DUTCH OVEN 6QT,337,2,0,335,0,,
2026-02-20 06:00,TANNERHILL CO,TNHC-3001,TANNERHILL CAMP KITCHEN KIT DELUXE,220,1,0,219,0,,
2026-02-20 06:00,TANNERHILL CO,TNHC-3002,TANNERHILL CAMP KITCHEN KIT BASIC,167,1,0,166,0,,
2026-02-20 06:00,TANNERHILL CO,TNHC-3008,TANNERHILL NESTING COOKWARE SET 8PC,125,1,0,124,0,,
2026-02-20 06:00,TANNERHILL CO,TNHC-4001,TANNERHILL WINDSHIELD PANEL SET,1055,0,0,1055,0,,
2026-02-20 06:00,TANNERHILL CO,TNHC-4002,TANNERHILL FOLDING PREP TABLE,371,0,0,371,0,,
2026-02-20 06:00,TANNERHILL CO,TNHC-4003,TANNERHILL INSULATED COFFEE PRESS,290,0,0,290,0,,
2026-02-20 06:00,TANNERHILL CO,TNHC-4004,TANNERHILL FIRE POKER + TOOL SET,235,0,0,235,0,,
2026-02-20 06:00,TANNERHILL CO,TNHC-4005,TANNERHILL GRILL GRATE CLEANER KIT,278,2,0,276,600,2026-04-02,PO-2602-011
2026-02-21 06:00,TANNERHILL CO,TNHC-1001,TANNERHILL TRAILHEAD PORTABLE GRILL BLK,418,3,6,409,300,2026-03-25,PO-2602-008
2026-02-21 06:00,TANNERHILL CO,TNHC-1002,TANNERHILL TRAILHEAD GRILL PRO,106,1,0,105,0,,
2026-02-21 06:00,TANNERHILL CO,TNHC-2010,TANNERHILL CAST IRON SKILLET 10IN,843,0,0,843,0,,
2026-02-21 06:00,TANNERHILL CO,TNHC-2006,TANNERHILL CAST IRON DUTCH OVEN 6QT,331,0,0,331,0,,
2026-02-21 06:00,TANNERHILL CO,TNHC-3001,TANNERHILL CAMP KITCHEN KIT DELUXE,219,2,0,217,0,,
2026-02-21 06:00,TANNERHILL CO,TNHC-3002,TANNERHILL CAMP KITCHEN KIT BASIC,166,1,0,165,0,,
2026-02-21 06:00,TANNERHILL CO,TNHC-3008,TANNERHILL NESTING COOKWARE SET 8PC,124,0,0,124,0,,
2026-02-21 06:00,TANNERHILL CO,TNHC-4001,TANNERHILL WINDSHIELD PANEL SET,1054,0,0,1054,0,,
2026-02-21 06:00,TANNERHILL CO,TNHC-4002,TANNERHILL FOLDING PREP TABLE,370,1,0,369,0,,
2026-02-21 06:00,TANNERHILL CO,TNHC-4003,TANNERHILL INSULATED COFFEE PRESS,290,0,0,290,0,,
2026-02-21 06:00,TANNERHILL CO,TNHC-4004,TANNERHILL FIRE POKER + TOOL SET,231,2,0,229,0,,
2026-02-21 06:00,TANNERHILL CO,TNHC-4005,TANNERHILL GRILL GRATE CLEANER KIT,274,1,0,273,600,2026-04-02,PO-2602-011
2026-02-22 06:00,TANNERHILL CO,TNHC-1001,TANNERHILL TRAILHEAD PORTABLE GRILL BLK,408,4,6,398,300,2026-03-25,PO-2602-008
2026-02-22 06:00,TANNERHILL CO,TNHC-1002,TANNERHILL TRAILHEAD GRILL PRO,104,1,0,103,0,,
2026-02-22 06:00,TANNERHILL CO,TNHC-2010,TANNERHILL CAST IRON SKILLET 10IN,833,4,0,829,0,,
2026-02-22 06:00,TANNERHILL CO,TNHC-2006,TANNERHILL CAST IRON DUTCH OVEN 6QT,328,1,0,327,0,,
2026-02-22 06:00,TANNERHILL CO,TNHC-3001,TANNERHILL CAMP KITCHEN KIT DELUXE,214,0,0,214,0,,
2026-02-22 06:00,TANNERHILL CO,TNHC-3002,TANNERHILL CAMP KITCHEN KIT BASIC,162,0,0,162,0,,
2026-02-22 06:00,TANNERHILL CO,TNHC-3008,TANNERHILL NESTING COOKWARE SET 8PC,124,0,0,124,0,,
2026-02-22 06:00,TANNERHILL CO,TNHC-4001,TANNERHILL WINDSHIELD PANEL SET,1054,0,0,1054,0,,
2026-02-22 06:00,TANNERHILL CO,TNHC-4002,TANNERHILL FOLDING PREP TABLE,368,0,0,368,0,,
2026-02-22 06:00,TANNERHILL CO,TNHC-4003,TANNERHILL INSULATED COFFEE PRESS,289,1,0,288,0,,
2026-02-22 06:00,TANNERHILL CO,TNHC-4004,TANNERHILL FIRE POKER + TOOL SET,229,1,0,228,0,,
2026-02-22 06:00,TANNERHILL CO,TNHC-4005,TANNERHILL GRILL GRATE CLEANER KIT,270,2,0,268,600,2026-04-02,PO-2602-011
2026-02-23 06:00,TANNERHILL CO,TNHC-1001,TANNERHILL TRAILHEAD PORTABLE GRILL BLK,401,5,6,390,300,2026-03-25,PO-2602-008
2026-02-23 06:00,TANNERHILL CO,TNHC-1002,TANNERHILL TRAILHEAD GRILL PRO,103,0,0,103,0,,
2026-02-23 06:00,TANNERHILL CO,TNHC-2010,TANNERHILL CAST IRON SKILLET 10IN,826,12,0,814,0,,
2026-02-23 06:00,TANNERHILL CO,TNHC-2006,TANNERHILL CAST IRON DUTCH OVEN 6QT,323,1,0,322,0,,
2026-02-23 06:00,TANNERHILL CO,TNHC-3001,TANNERHILL CAMP KITCHEN KIT DELUXE,214,2,0,212,0,,
2026-02-23 06:00,TANNERHILL CO,TNHC-3002,TANNERHILL CAMP KITCHEN KIT BASIC,161,1,0,160,0,,
2026-02-23 06:00,TANNERHILL CO,TNHC-3008,TANNERHILL NESTING COOKWARE SET 8PC,124,0,0,124,0,,
2026-02-23 06:00,TANNERHILL CO,TNHC-4001,TANNERHILL WINDSHIELD PANEL SET,1053,0,0,1053,0,,
2026-02-23 06:00,TANNERHILL CO,TNHC-4002,TANNERHILL FOLDING PREP TABLE,367,0,0,367,0,,
2026-02-23 06:00,TANNERHILL CO,TNHC-4003,TANNERHILL INSULATED COFFEE PRESS,286,1,0,285,0,,
2026-02-23 06:00,TANNERHILL CO,TNHC-4004,TANNERHILL FIRE POKER + TOOL SET,223,1,0,222,0,,
2026-02-23 06:00,TANNERHILL CO,TNHC-4005,TANNERHILL GRILL GRATE CLEANER KIT,264,2,0,262,600,2026-04-02,PO-2602-011
2026-02-24 06:00,TANNERHILL CO,TNHC-1001,TANNERHILL TRAILHEAD PORTABLE GRILL BLK,391,0,6,385,300,2026-03-25,PO-2602-008
2026-02-24 06:00,TANNERHILL CO,TNHC-1002,TANNERHILL TRAILHEAD GRILL PRO,101,0,0,101,0,,
2026-02-24 06:00,TANNERHILL CO,TNHC-2010,TANNERHILL CAST IRON SKILLET 10IN,815,4,0,811,0,,
2026-02-24 06:00,TANNERHILL CO,TNHC-2006,TANNERHILL CAST IRON DUTCH OVEN 6QT,323,0,2,321,0,,
2026-02-24 06:00,TANNERHILL CO,TNHC-3001,TANNERHILL CAMP KITCHEN KIT DELUXE,211,0,0,211,0,,
2026-02-24 06:00,TANNERHILL CO,TNHC-3002,TANNERHILL CAMP KITCHEN KIT BASIC,158,1,0,157,0,,
2026-02-24 06:00,TANNERHILL CO,TNHC-3008,TANNERHILL NESTING COOKWARE SET 8PC,121,1,0,120,0,,
2026-02-24 06:00,TANNERHILL CO,TNHC-4001,TANNERHILL WINDSHIELD PANEL SET,1053,1,0,1052,0,,
2026-02-24 06:00,TANNERHILL CO,TNHC-4002,TANNERHILL FOLDING PREP TABLE,366,1,0,365,0,,
2026-02-24 06:00,TANNERHILL CO,TNHC-4003,TANNERHILL INSULATED COFFEE PRESS,883,0,0,883,0,,
2026-02-24 06:00,TANNERHILL CO,TNHC-4004,TANNERHILL FIRE POKER + TOOL SET,220,0,0,220,0,,
2026-02-24 06:00,TANNERHILL CO,TNHC-4005,TANNERHILL GRILL GRATE CLEANER KIT,261,2,0,259,600,2026-04-02,PO-2602-011
2026-02-25 06:00,TANNERHILL CO,TNHC-1001,TANNERHILL TRAILHEAD PORTABLE GRILL BLK,387,4,6,377,300,2026-03-25,PO-2602-008
2026-02-25 06:00,TANNERHILL CO,TNHC-1002,TANNERHILL TRAILHEAD GRILL PRO,100,0,0,100,0,,
2026-02-25 06:00,TANNERHILL CO,TNHC-2010,TANNERHILL CAST IRON SKILLET 10IN,803,4,0,799,0,,
2026-02-25 06:00,TANNERHILL CO,TNHC-2006,TANNERHILL CAST IRON DUTCH OVEN 6QT,320,3,2,315,0,,
2026-02-25 06:00,TANNERHILL CO,TNHC-3001,TANNERHILL CAMP KITCHEN KIT DELUXE,210,1,0,209,0,,
2026-02-25 06:00,TANNERHILL CO,TNHC-3002,TANNERHILL CAMP KITCHEN KIT BASIC,158,2,0,156,0,,
2026-02-25 06:00,TANNERHILL CO,TNHC-3008,TANNERHILL NESTING COOKWARE SET 8PC,121,1,0,120,0,,
2026-02-25 06:00,TANNERHILL CO,TNHC-4001,TANNERHILL WINDSHIELD PANEL SET,1051,0,0,1051,0,,
2026-02-25 06:00,TANNERHILL CO,TNHC-4002,TANNERHILL FOLDING PREP TABLE,366,1,0,365,0,,
2026-02-25 06:00,TANNERHILL CO,TNHC-4003,TANNERHILL INSULATED COFFEE PRESS,876,1,0,875,0,,
2026-02-25 06:00,TANNERHILL CO,TNHC-4004,TANNERHILL FIRE POKER + TOOL SET,220,0,0,220,0,,
2026-02-25 06:00,TANNERHILL CO,TNHC-4005,TANNERHILL GRILL GRATE CLEANER KIT,258,0,0,258,600,2026-04-02,PO-2602-011
2026-02-26 06:00,TANNERHILL CO,TNHC-1001,TANNERHILL TRAILHEAD PORTABLE GRILL BLK,380,0,6,374,300,2026-03-25,PO-2602-008
2026-02-26 06:00,TANNERHILL CO,TNHC-1002,TANNERHILL TRAILHEAD GRILL PRO,99,0,0,99,0,,
2026-02-26 06:00,TANNERHILL CO,TNHC-2010,TANNERHILL CAST IRON SKILLET 10IN,795,2,0,793,0,,
2026-02-26 06:00,TANNERHILL CO,TNHC-2006,TANNERHILL CAST IRON DUTCH OVEN 6QT,313,2,2,309,0,,
2026-02-26 06:00,TANNERHILL CO,TNHC-3001,TANNERHILL CAMP KITCHEN KIT DELUXE,208,0,0,208,0,,
2026-02-26 06:00,TANNERHILL CO,TNHC-3002,TANNERHILL CAMP KITCHEN KIT BASIC,155,1,0,154,0,,
2026-02-26 06:00,TANNERHILL CO,TNHC-3008,TANNERHILL NESTING COOKWARE SET 8PC,120,0,0,120,0,,
2026-02-26 06:00,TANNERHILL CO,TNHC-4001,TANNERHILL WINDSHIELD PANEL SET,1051,1,0,1050,0,,
2026-02-26 06:00,TANNERHILL CO,TNHC-4002,TANNERHILL FOLDING PREP TABLE,364,0,3,361,0,,
2026-02-26 06:00,TANNERHILL CO,TNHC-4003,TANNERHILL INSULATED COFFEE PRESS,868,2,0,866,0,,
2026-02-26 06:00,TANNERHILL CO,TNHC-4004,TANNERHILL FIRE POKER + TOOL SET,217,1,0,216,0,,
2026-02-26 06:00,TANNERHILL CO,TNHC-4005,TANNERHILL GRILL GRATE CLEANER KIT,252,4,0,248,600,2026-04-02,PO-2602-011
2026-02-27 06:00,TANNERHILL CO,TNHC-1001,TANNERHILL TRAILHEAD PORTABLE GRILL BLK,374,0,6,368,300,2026-03-25,PO-2602-008
2026-02-27 06:00,TANNERHILL CO,TNHC-1002,TANNERHILL TRAILHEAD GRILL PRO,98,0,0,98,0,,
2026-02-27 06:00,TANNERHILL CO,TNHC-2010,TANNERHILL CAST IRON SKILLET 10IN,788,0,0,788,0,,
2026-02-27 06:00,TANNERHILL CO,TNHC-2006,TANNERHILL CAST IRON DUTCH OVEN 6QT,309,5,2,302,0,,
2026-02-27 06:00,TANNERHILL CO,TNHC-3001,TANNERHILL CAMP KITCHEN KIT DELUXE,207,1,0,206,0,,
2026-02-27 06:00,TANNERHILL CO,TNHC-3002,TANNERHILL CAMP KITCHEN KIT BASIC,153,0,0,153,0,,
2026-02-27 06:00,TANNERHILL CO,TNHC-3008,TANNERHILL NESTING COOKWARE SET 8PC,120,0,0,120,0,,
2026-02-27 06:00,TANNERHILL CO,TNHC-4001,TANNERHILL WINDSHIELD PANEL SET,1050,0,0,1050,0,,
2026-02-27 06:00,TANNERHILL CO,TNHC-4002,TANNERHILL FOLDING PREP TABLE,363,0,3,360,0,,
2026-02-27 06:00,TANNERHILL CO,TNHC-4003,TANNERHILL INSULATED COFFEE PRESS,863,1,0,862,0,,
2026-02-27 06:00,TANNERHILL CO,TNHC-4004,TANNERHILL FIRE POKER + TOOL SET,212,0,0,212,0,,
2026-02-27 06:00,TANNERHILL CO,TNHC-4005,TANNERHILL GRILL GRATE CLEANER KIT,246,2,0,244,600,2026-04-02,PO-2602-011
2026-02-28 06:00,TANNERHILL CO,TNHC-1001,TANNERHILL TRAILHEAD PORTABLE GRILL BLK,366,1,6,359,300,2026-03-25,PO-2602-008
2026-02-28 06:00,TANNERHILL CO,TNHC-1002,TANNERHILL TRAILHEAD GRILL PRO,97,0,0,97,0,,
2026-02-28 06:00,TANNERHILL CO,TNHC-2010,TANNERHILL CAST IRON SKILLET 10IN,779,2,0,777,0,,
2026-02-28 06:00,TANNERHILL CO,TNHC-2006,TANNERHILL CAST IRON DUTCH OVEN 6QT,303,2,2,299,0,,
2026-02-28 06:00,TANNERHILL CO,TNHC-3001,TANNERHILL CAMP KITCHEN KIT DELUXE,207,2,0,205,0,,
2026-02-28 06:00,TANNERHILL CO,TNHC-3002,TANNERHILL CAMP KITCHEN KIT BASIC,153,2,0,151,0,,
2026-02-28 06:00,TANNERHILL CO,TNHC-3008,TANNERHILL NESTING COOKWARE SET 8PC,118,0,0,118,0,,
2026-02-28 06:00,TANNERHILL CO,TNHC-4001,TANNERHILL WINDSHIELD PANEL SET,1048,0,0,1048,0,,
2026-02-28 06:00,TANNERHILL CO,TNHC-4002,TANNERHILL FOLDING PREP TABLE,363,0,3,360,0,,
2026-02-28 06:00,TANNERHILL CO,TNHC-4003,TANNERHILL INSULATED COFFEE PRESS,858,0,0,858,0,,
2026-02-28 06:00,TANNERHILL CO,TNHC-4004,TANNERHILL FIRE POKER + TOOL SET,209,2,0,207,0,,
2026-02-28 06:00,TANNERHILL CO,TNHC-4005,TANNERHILL GRILL GRATE CLEANER KIT,244,2,0,242,600,2026-04-02,PO-2602-011
2026-03-01 06:00,TANNERHILL CO,TNHC-1001,TANNERHILL TRAILHEAD PORTABLE GRILL BLK,362,2,6,354,300,2026-03-25,PO-2602-008
2026-03-01 06:00,TANNERHILL CO,TNHC-1002,TANNERHILL TRAILHEAD GRILL PRO,92,0,0,92,0,,
2026-03-01 06:00,TANNERHILL CO,TNHC-2010,TANNERHILL CAST IRON SKILLET 10IN,775,3,0,772,0,,
2026-03-01 06:00,TANNERHILL CO,TNHC-2006,TANNERHILL CAST IRON DUTCH OVEN 6QT,298,0,2,296,0,,
2026-03-01 06:00,TANNERHILL CO,TNHC-3001,TANNERHILL CAMP KITCHEN KIT DELUXE,204,5,0,199,0,,
2026-03-01 06:00,TANNERHILL CO,TNHC-3002,TANNERHILL CAMP KITCHEN KIT BASIC,149,0,0,149,0,,
2026-03-01 06:00,TANNERHILL CO,TNHC-3008,TANNERHILL NESTING COOKWARE SET 8PC,117,0,0,117,0,,
2026-03-01 06:00,TANNERHILL CO,TNHC-4001,TANNERHILL WINDSHIELD PANEL SET,1045,0,0,1045,0,,
2026-03-01 06:00,TANNERHILL CO,TNHC-4002,TANNERHILL FOLDING PREP TABLE,363,0,3,360,0,,
2026-03-01 06:00,TANNERHILL CO,TNHC-4003,TANNERHILL INSULATED COFFEE PRESS,855,0,0,855,0,,
2026-03-01 06:00,TANNERHILL CO,TNHC-4004,TANNERHILL FIRE POKER + TOOL SET,206,4,0,202,0,,
2026-03-01 06:00,TANNERHILL CO,TNHC-4005,TANNERHILL GRILL GRATE CLEANER KIT,237,3,0,234,600,2026-04-02,PO-2602-011
2026-03-02 06:00,TANNERHILL CO,TNHC-1001,TANNERHILL TRAILHEAD PORTABLE GRILL BLK,355,5,6,344,300,2026-03-25,PO-2602-008
2026-03-02 06:00,TANNERHILL CO,TNHC-1002,TANNERHILL TRAILHEAD GRILL PRO,90,1,0,89,0,,
2026-03-02 06:00,TANNERHILL CO,TNHC-2010,TANNERHILL CAST IRON SKILLET 10IN,767,17,0,750,0,,
2026-03-02 06:00,TANNERHILL CO,TNHC-2006,TANNERHILL CAST IRON DUTCH OVEN 6QT,292,0,2,290,0,,
2026-03-02 06:00,TANNERHILL CO,TNHC-3001,TANNERHILL CAMP KITCHEN KIT DELUXE,199,1,0,198,0,,
2026-03-02 06:00,TANNERHILL CO,TNHC-3002,TANNERHILL CAMP KITCHEN KIT BASIC,147,1,0,146,0,,
2026-03-02 06:00,TANNERHILL CO,TNHC-3008,TANNERHILL NESTING COOKWARE SET 8PC,117,0,0,117,0,,
2026-03-02 06:00,TANNERHILL CO,TNHC-4001,TANNERHILL WINDSHIELD PANEL SET,1042,1,0,1041,0,,
2026-03-02 06:00,TANNERHILL CO,TNHC-4002,TANNERHILL FOLDING PREP TABLE,363,0,3,360,0,,
2026-03-02 06:00,TANNERHILL CO,TNHC-4003,TANNERHILL INSULATED COFFEE PRESS,848,0,0,848,0,,
2026-03-02 06:00,TANNERHILL CO,TNHC-4004,TANNERHILL FIRE POKER + TOOL SET,196,3,0,193,0,,
2026-03-02 06:00,TANNERHILL CO,TNHC-4005,TANNERHILL GRILL GRATE CLEANER KIT,233,1,0,232,600,2026-04-02,PO-2602-011
2026-03-03 06:00,TANNERHILL CO,TNHC-1001,TANNERHILL TRAILHEAD PORTABLE GRILL BLK,368,9,6,353,300,2026-03-25,PO-2602-008
2026-03-03 06:00,TANNERHILL CO,TNHC-1002,TANNERHILL TRAILHEAD GRILL PRO,92,0,0,92,0,,
2026-03-03 06:00,TANNERHILL CO,TNHC-2010,TANNERHILL CAST IRON SKILLET 10IN,788,4,0,784,0,,
2026-03-03 06:00,TANNERHILL CO,TNHC-2006,TANNERHILL CAST IRON DUTCH OVEN 6QT,311,0,2,309,0,,
2026-03-03 06:00,TANNERHILL CO,TNHC-3001,TANNERHILL CAMP KITCHEN KIT DELUXE,202,1,0,201,0,,
2026-03-03 06:00,TANNERHILL CO,TNHC-3002,TANNERHILL CAMP KITCHEN KIT BASIC,157,1,0,156,0,,
2026-03-03 06:00,TANNERHILL CO,TNHC-3008,TANNERHILL NESTING COOKWARE SET 8PC,120,2,0,118,0,,
2026-03-03 06:00,TANNERHILL CO,TNHC-4001,TANNERHILL WINDSHIELD PANEL SET,1049,1,0,1048,0,,
2026-03-03 06:00,TANNERHILL CO,TNHC-4002,TANNERHILL FOLDING PREP TABLE,367,2,3,362,0,,
2026-03-03 06:00,TANNERHILL CO,TNHC-4003,TANNERHILL INSULATED COFFEE PRESS,846,7,0,839,0,,
2026-03-03 06:00,TANNERHILL CO,TNHC-4004,TANNERHILL FIRE POKER + TOOL SET,211,0,0,211,0,,
2026-03-03 06:00,TANNERHILL CO,TNHC-4005,TANNERHILL GRILL GRATE CLEANER KIT,251,0,0,251,600,2026-04-02,PO-2602-011
2026-03-04 06:00,TANNERHILL CO,TNHC-1001,TANNERHILL TRAILHEAD PORTABLE GRILL BLK,329,27,6,296,300,2026-03-25,PO-2602-008
2026-03-04 06:00,TANNERHILL CO,TNHC-1002,TANNERHILL TRAILHEAD GRILL PRO,92,1,0,91,0,,
2026-03-04 06:00,TANNERHILL CO,TNHC-2010,TANNERHILL CAST IRON SKILLET 10IN,771,8,0,763,0,,
2026-03-04 06:00,TANNERHILL CO,TNHC-2006,TANNERHILL CAST IRON DUTCH OVEN 6QT,308,1,2,305,0,,
2026-03-04 06:00,TANNERHILL CO,TNHC-3001,TANNERHILL CAMP KITCHEN KIT DELUXE,197,3,0,194,0,,
2026-03-04 06:00,TANNERHILL CO,TNHC-3002,TANNERHILL CAMP KITCHEN KIT BASIC,149,1,0,148,0,,
2026-03-04 06:00,TANNERHILL CO,TNHC-3008,TANNERHILL NESTING COOKWARE SET 8PC,116,1,0,115,0,,
2026-03-04 06:00,TANNERHILL CO,TNHC-4001,TANNERHILL WINDSHIELD PANEL SET,1044,0,0,1044,0,,
2026-03-04 06:00,TANNERHILL CO,TNHC-4002,TANNERHILL FOLDING PREP TABLE,361,0,3,358,0,,
2026-03-04 06:00,TANNERHILL CO,TNHC-4003,TANNERHILL INSULATED COFFEE PRESS,833,0,0,833,0,,
2026-03-04 06:00,TANNERHILL CO,TNHC-4004,TANNERHILL FIRE POKER + TOOL SET,206,0,0,206,0,,
2026-03-04 06:00,TANNERHILL CO,TNHC-4005,TANNERHILL GRILL GRATE CLEANER KIT,241,8,0,233,600,2026-04-02,PO-2602-011
2026-03-05 06:00,TANNERHILL CO,TNHC-1001,TANNERHILL TRAILHEAD PORTABLE GRILL BLK,282,25,6,251,300,2026-03-25,PO-2602-008
2026-03-05 06:00,TANNERHILL CO,TNHC-1002,TANNERHILL TRAILHEAD GRILL PRO,92,0,0,92,0,,
2026-03-05 06:00,TANNERHILL CO,TNHC-2010,TANNERHILL CAST IRON SKILLET 10IN,751,5,0,746,0,,
2026-03-05 06:00,TANNERHILL CO,TNHC-2006,TANNERHILL CAST IRON DUTCH OVEN 6QT,303,5,2,296,0,,
2026-03-05 06:00,TANNERHILL CO,TNHC-3001,TANNERHILL CAMP KITCHEN KIT DELUXE,193,5,0,188,0,,
2026-03-05 06:00,TANNERHILL CO,TNHC-3002,TANNERHILL CAMP KITCHEN KIT BASIC,146,2,0,144,0,,
2026-03-05 06:00,TANNERHILL CO,TNHC-3008,TANNERHILL NESTING COOKWARE SET 8PC,114,1,0,113,0,,
2026-03-05 06:00,TANNERHILL CO,TNHC-4001,TANNERHILL WINDSHIELD PANEL SET,1042,0,0,1042,0,,
2026-03-05 06:00,TANNERHILL CO,TNHC-4002,TANNERHILL FOLDING PREP TABLE,360,0,3,357,0,,
2026-03-05 06:00,TANNERHILL CO,TNHC-4003,TANNERHILL INSULATED COFFEE PRESS,824,1,0,823,0,,
2026-03-05 06:00,TANNERHILL CO,TNHC-4004,TANNERHILL FIRE POKER + TOOL SET,201,2,0,199,0,,
2026-03-05 06:00,TANNERHILL CO,TNHC-4005,TANNERHILL GRILL GRATE CLEANER KIT,226,3,0,223,600,2026-04-02,PO-2602-011
2026-03-06 06:00,TANNERHILL CO,TNHC-1001,TANNERHILL TRAILHEAD PORTABLE GRILL BLK,239,0,6,233,300,2026-03-25,PO-2602-008
2026-03-06 06:00,TANNERHILL CO,TNHC-1002,TANNERHILL TRAILHEAD GRILL PRO,92,0,0,92,0,,
2026-03-06 06:00,TANNERHILL CO,TNHC-2010,TANNERHILL CAST IRON SKILLET 10IN,734,2,0,732,0,,
2026-03-06 06:00,TANNERHILL CO,TNHC-2006,TANNERHILL CAST IRON DUTCH OVEN 6QT,296,0,2,294,0,,
2026-03-06 06:00,TANNERHILL CO,TNHC-3001,TANNERHILL CAMP KITCHEN KIT DELUXE,192,5,0,187,0,,
2026-03-06 06:00,TANNERHILL CO,TNHC-3002,TANNERHILL CAMP KITCHEN KIT BASIC,141,2,0,139,0,,
2026-03-06 06:00,TANNERHILL CO,TNHC-3008,TANNERHILL NESTING COOKWARE SET 8PC,111,2,0,109,0,,
2026-03-06 06:00,TANNERHILL CO,TNHC-4001,TANNERHILL WINDSHIELD PANEL SET,1041,0,0,1041,0,,
2026-03-06 06:00,TANNERHILL CO,TNHC-4002,TANNERHILL FOLDING PREP TABLE,358,1,3,354,0,,
2026-03-06 06:00,TANNERHILL CO,TNHC-4003,TANNERHILL INSULATED COFFEE PRESS,820,4,0,816,0,,
2026-03-06 06:00,TANNERHILL CO,TNHC-4004,TANNERHILL FIRE POKER + TOOL SET,197,0,0,197,0,,
2026-03-06 06:00,TANNERHILL CO,TNHC-4005,TANNERHILL GRILL GRATE CLEANER KIT,220,0,0,220,600,2026-04-02,PO-2602-011
2026-03-07 06:00,TANNERHILL CO,TNHC-1001,TANNERHILL TRAILHEAD PORTABLE GRILL BLK,198,4,6,188,300,2026-03-25,PO-2602-008
2026-03-07 06:00,TANNERHILL CO,TNHC-1002,TANNERHILL TRAILHEAD GRILL PRO,90,5,0,85,0,,
2026-03-07 06:00,TANNERHILL CO,TNHC-2010,TANNERHILL CAST IRON SKILLET 10IN,725,10,0,715,0,,
2026-03-07 06:00,TANNERHILL CO,TNHC-2006,TANNERHILL CAST IRON DUTCH OVEN 6QT,292,0,2,290,0,,
2026-03-07 06:00,TANNERHILL CO,TNHC-3001,TANNERHILL CAMP KITCHEN KIT DELUXE,190,6,0,184,0,,
2026-03-07 06:00,TANNERHILL CO,TNHC-3002,TANNERHILL CAMP KITCHEN KIT BASIC,137,3,0,134,0,,
2026-03-07 06:00,TANNERHILL CO,TNHC-3008,TANNERHILL NESTING COOKWARE SET 8PC,108,2,0,106,0,,
2026-03-07 06:00,TANNERHILL CO,TNHC-4001,TANNERHILL WINDSHIELD PANEL SET,1036,0,0,1036,0,,
2026-03-07 06:00,TANNERHILL CO,TNHC-4002,TANNERHILL FOLDING PREP TABLE,351,1,3,347,0,,
2026-03-07 06:00,TANNERHILL CO,TNHC-4003,TANNERHILL INSULATED COFFEE PRESS,816,6,0,810,0,,
2026-03-07 06:00,TANNERHILL CO,TNHC-4004,TANNERHILL FIRE POKER + TOOL SET,193,6,0,187,0,,
2026-03-07 06:00,TANNERHILL CO,TNHC-4005,TANNERHILL GRILL GRATE CLEANER KIT,212,6,0,206,600,2026-04-02,PO-2602-011
2026-03-08 06:00,TANNERHILL CO,TNHC-1001,TANNERHILL TRAILHEAD PORTABLE GRILL BLK,189,2,6,181,300,2026-03-25,PO-2602-008
2026-03-08 06:00,TANNERHILL CO,TNHC-1002,TANNERHILL TRAILHEAD GRILL PRO,84,0,0,84,0,,
2026-03-08 06:00,TANNERHILL CO,TNHC-2010,TANNERHILL CAST IRON SKILLET 10IN,706,10,0,696,0,,
2026-03-08 06:00,TANNERHILL CO,TNHC-2006,TANNERHILL CAST IRON DUTCH OVEN 6QT,287,0,2,285,0,,
2026-03-08 06:00,TANNERHILL CO,TNHC-3001,TANNERHILL CAMP KITCHEN KIT DELUXE,187,8,0,179,0,,
2026-03-08 06:00,TANNERHILL CO,TNHC-3002,TANNERHILL CAMP KITCHEN KIT BASIC,131,0,0,131,0,,
2026-03-08 06:00,TANNERHILL CO,TNHC-3008,TANNERHILL NESTING COOKWARE SET 8PC,104,0,0,104,0,,
2026-03-08 06:00,TANNERHILL CO,TNHC-4001,TANNERHILL WINDSHIELD PANEL SET,1035,0,0,1035,0,,
2026-03-08 06:00,TANNERHILL CO,TNHC-4002,TANNERHILL FOLDING PREP TABLE,349,2,3,344,0,,
2026-03-08 06:00,TANNERHILL CO,TNHC-4003,TANNERHILL INSULATED COFFEE PRESS,809,3,0,806,0,,
2026-03-08 06:00,TANNERHILL CO,TNHC-4004,TANNERHILL FIRE POKER + TOOL SET,185,5,0,180,0,,
2026-03-08 06:00,TANNERHILL CO,TNHC-4005,TANNERHILL GRILL GRATE CLEANER KIT,203,4,0,199,600,2026-04-02,PO-2602-011
2026-03-09 06:00,TANNERHILL CO,TNHC-1001,TANNERHILL TRAILHEAD PORTABLE GRILL BLK,182,25,6,151,300,2026-03-25,PO-2602-008
2026-03-09 06:00,TANNERHILL CO,TNHC-1002,TANNERHILL TRAILHEAD GRILL PRO,82,1,0,81,0,,
2026-03-09 06:00,TANNERHILL CO,TNHC-2010,TANNERHILL CAST IRON SKILLET 10IN,687,2,0,685,0,,
2026-03-09 06:00,TANNERHILL CO,TNHC-2006,TANNERHILL CAST IRON DUTCH OVEN 6QT,281,0,2,279,0,,
2026-03-09 06:00,TANNERHILL CO,TNHC-3001,TANNERHILL CAMP KITCHEN KIT DELUXE,183,6,0,177,0,,
2026-03-09 06:00,TANNERHILL CO,TNHC-3002,TANNERHILL CAMP KITCHEN KIT BASIC,128,2,0,126,0,,
2026-03-09 06:00,TANNERHILL CO,TNHC-3008,TANNERHILL NESTING COOKWARE SET 8PC,102,0,0,102,0,,
2026-03-09 06:00,TANNERHILL CO,TNHC-4001,TANNERHILL WINDSHIELD PANEL SET,1031,1,0,1030,0,,
2026-03-09 06:00,TANNERHILL CO,TNHC-4002,TANNERHILL FOLDING PREP TABLE,345,3,3,339,0,,
2026-03-09 06:00,TANNERHILL CO,TNHC-4003,TANNERHILL INSULATED COFFEE PRESS,801,7,0,794,0,,
2026-03-09 06:00,TANNERHILL CO,TNHC-4004,TANNERHILL FIRE POKER + TOOL SET,175,0,0,175,0,,
2026-03-09 06:00,TANNERHILL CO,TNHC-4005,TANNERHILL GRILL GRATE CLEANER KIT,194,7,0,187,600,2026-04-02,PO-2602-011
2026-03-10 06:00,TANNERHILL CO,TNHC-1001,TANNERHILL TRAILHEAD PORTABLE GRILL BLK,173,24,6,143,300,2026-03-25,PO-2602-008
2026-03-10 06:00,TANNERHILL CO,TNHC-1002,TANNERHILL TRAILHEAD GRILL PRO,80,0,0,80,0,,
2026-03-10 06:00,TANNERHILL CO,TNHC-2010,TANNERHILL CAST IRON SKILLET 10IN,675,6,0,669,0,,
2026-03-10 06:00,TANNERHILL CO,TNHC-2006,TANNERHILL CAST IRON DUTCH OVEN 6QT,269,2,2,265,0,,
2026-03-10 06:00,TANNERHILL CO,TNHC-3001,TANNERHILL CAMP KITCHEN KIT DELUXE,179,5,0,174,0,,
2026-03-10 06:00,TANNERHILL CO,TNHC-3002,TANNERHILL CAMP KITCHEN KIT BASIC,125,0,0,125,0,,
2026-03-10 06:00,TANNERHILL CO,TNHC-3008,TANNERHILL NESTING COOKWARE SET 8PC,100,0,0,100,0,,
2026-03-10 06:00,TANNERHILL CO,TNHC-4001,TANNERHILL WINDSHIELD PANEL SET,1027,1,0,1026,0,,
2026-03-10 06:00,TANNERHILL CO,TNHC-4002,TANNERHILL FOLDING PREP TABLE,341,0,3,338,0,,
2026-03-10 06:00,TANNERHILL CO,TNHC-4003,TANNERHILL INSULATED COFFEE PRESS,789,3,0,786,0,,
2026-03-10 06:00,TANNERHILL CO,TNHC-4004,TANNERHILL FIRE POKER + TOOL SET,168,2,0,166,0,,
2026-03-10 06:00,TANNERHILL CO,TNHC-4005,TANNERHILL GRILL GRATE CLEANER KIT,184,0,0,184,600,2026-04-02,PO-2602-011
2026-03-11 06:00,TANNERHILL CO,TNHC-1001,TANNERHILL TRAILHEAD PORTABLE GRILL BLK,166,25,6,135,300,2026-03-25,PO-2602-008
2026-03-11 06:00,TANNERHILL CO,TNHC-1002,TANNERHILL TRAILHEAD GRILL PRO,79,1,0,78,0,,
2026-03-11 06:00,TANNERHILL CO,TNHC-2010,TANNERHILL CAST IRON SKILLET 10IN,663,0,0,663,0,,
2026-03-11 06:00,TANNERHILL CO,TNHC-2006,TANNERHILL CAST IRON DUTCH OVEN 6QT,262,1,2,259,0,,
2026-03-11 06:00,TANNERHILL CO,TNHC-3001,TANNERHILL CAMP KITCHEN KIT DELUXE,176,6,0,170,0,,
2026-03-11 06:00,TANNERHILL CO,TNHC-3002,TANNERHILL CAMP KITCHEN KIT BASIC,122,0,0,122,0,,
2026-03-11 06:00,TANNERHILL CO,TNHC-3008,TANNERHILL NESTING COOKWARE SET 8PC,100,1,0,99,0,,
2026-03-11 06:00,TANNERHILL CO,TNHC-4001,TANNERHILL WINDSHIELD PANEL SET,1024,1,0,1023,0,,
2026-03-11 06:00,TANNERHILL CO,TNHC-4002,TANNERHILL FOLDING PREP TABLE,339,1,3,335,0,,
2026-03-11 06:00,TANNERHILL CO,TNHC-4003,TANNERHILL INSULATED COFFEE PRESS,781,0,0,781,0,,
2026-03-11 06:00,TANNERHILL CO,TNHC-4004,TANNERHILL FIRE POKER + TOOL SET,162,3,0,159,0,,
2026-03-11 06:00,TANNERHILL CO,TNHC-4005,TANNERHILL GRILL GRATE CLEANER KIT,168,4,0,164,600,2026-04-02,PO-2602-011
2026-03-12 06:00,TANNERHILL CO,TNHC-1001,TANNERHILL TRAILHEAD PORTABLE GRILL BLK,158,26,6,126,300,2026-03-25,PO-2602-008
2026-03-12 06:00,TANNERHILL CO,TNHC-1002,TANNERHILL TRAILHEAD GRILL PRO,78,1,0,77,0,,
2026-03-12 06:00,TANNERHILL CO,TNHC-2010,TANNERHILL CAST IRON SKILLET 10IN,644,10,0,634,0,,
2026-03-12 06:00,TANNERHILL CO,TNHC-2006,TANNERHILL CAST IRON DUTCH OVEN 6QT,260,4,2,254,0,,
2026-03-12 06:00,TANNERHILL CO,TNHC-3001,TANNERHILL CAMP KITCHEN KIT DELUXE,171,6,0,165,0,,
2026-03-12 06:00,TANNERHILL CO,TNHC-3002,TANNERHILL CAMP KITCHEN KIT BASIC,114,2,0,112,0,,
2026-03-12 06:00,TANNERHILL CO,TNHC-3008,TANNERHILL NESTING COOKWARE SET 8PC,97,4,0,93,0,,
2026-03-12 06:00,TANNERHILL CO,TNHC-4001,TANNERHILL WINDSHIELD PANEL SET,1024,2,0,1022,0,,
2026-03-12 06:00,TANNERHILL CO,TNHC-4002,TANNERHILL FOLDING PREP TABLE,337,0,3,334,0,,
2026-03-12 06:00,TANNERHILL CO,TNHC-4003,TANNERHILL INSULATED COFFEE PRESS,773,5,0,768,0,,
2026-03-12 06:00,TANNERHILL CO,TNHC-4004,TANNERHILL FIRE POKER + TOOL SET,158,4,0,154,0,,
2026-03-12 06:00,TANNERHILL CO,TNHC-4005,TANNERHILL GRILL GRATE CLEANER KIT,159,5,0,154,600,2026-04-02,PO-2602-011
2026-03-13 06:00,TANNERHILL CO,TNHC-1001,TANNERHILL TRAILHEAD PORTABLE GRILL BLK,152,28,6,118,300,2026-03-25,PO-2602-008
2026-03-13 06:00,TANNERHILL CO,TNHC-1002,TANNERHILL TRAILHEAD GRILL PRO,77,1,0,76,0,,
2026-03-13 06:00,TANNERHILL CO,TNHC-2010,TANNERHILL CAST IRON SKILLET 10IN,627,5,0,622,0,,
2026-03-13 06:00,TANNERHILL CO,TNHC-2006,TANNERHILL CAST IRON DUTCH OVEN 6QT,251,1,2,248,0,,
2026-03-13 06:00,TANNERHILL CO,TNHC-3001,TANNERHILL CAMP KITCHEN KIT DELUXE,168,7,0,161,0,,
2026-03-13 06:00,TANNERHILL CO,TNHC-3002,TANNERHILL CAMP KITCHEN KIT BASIC,110,2,0,108,0,,
2026-03-13 06:00,TANNERHILL CO,TNHC-3008,TANNERHILL NESTING COOKWARE SET 8PC,92,0,0,92,0,,
2026-03-13 06:00,TANNERHILL CO,TNHC-4001,TANNERHILL WINDSHIELD PANEL SET,1017,2,0,1015,0,,
2026-03-13 06:00,TANNERHILL CO,TNHC-4002,TANNERHILL FOLDING PREP TABLE,333,0,3,330,0,,
2026-03-13 06:00,TANNERHILL CO,TNHC-4003,TANNERHILL INSULATED COFFEE PRESS,767,3,0,764,0,,
2026-03-13 06:00,TANNERHILL CO,TNHC-4004,TANNERHILL FIRE POKER + TOOL SET,151,3,0,148,0,,
2026-03-13 06:00,TANNERHILL CO,TNHC-4005,TANNERHILL GRILL GRATE CLEANER KIT,151,9,0,142,600,2026-04-02,PO-2602-011
2026-03-14 06:00,TANNERHILL CO,TNHC-1001,TANNERHILL TRAILHEAD PORTABLE GRILL BLK,142,24,6,112,300,2026-03-25,PO-2602-008
2026-03-14 06:00,TANNERHILL CO,TNHC-1002,TANNERHILL TRAILHEAD GRILL PRO,74,1,0,73,0,,
2026-03-14 06:00,TANNERHILL CO,TNHC-2010,TANNERHILL CAST IRON SKILLET 10IN,615,12,0,603,0,,
2026-03-14 06:00,TANNERHILL CO,TNHC-2006,TANNERHILL CAST IRON DUTCH OVEN 6QT,242,5,2,235,0,,
2026-03-14 06:00,TANNERHILL CO,TNHC-3001,TANNERHILL CAMP KITCHEN KIT DELUXE,163,6,0,157,0,,
2026-03-14 06:00,TANNERHILL CO,TNHC-3002,TANNERHILL CAMP KITCHEN KIT BASIC,105,0,0,105,0,,
2026-03-14 06:00,TANNERHILL CO,TNHC-3008,TANNERHILL NESTING COOKWARE SET 8PC,89,1,0,88,0,,
2026-03-14 06:00,TANNERHILL CO,TNHC-4001,TANNERHILL WINDSHIELD PANEL SET,1013,1,0,1012,0,,
2026-03-14 06:00,TANNERHILL CO,TNHC-4002,TANNERHILL FOLDING PREP TABLE,332,0,3,329,0,,
2026-03-14 06:00,TANNERHILL CO,TNHC-4003,TANNERHILL INSULATED COFFEE PRESS,758,6,0,752,0,,
2026-03-14 06:00,TANNERHILL CO,TNHC-4004,TANNERHILL FIRE POKER + TOOL SET,145,0,0,145,0,,
2026-03-14 06:00,TANNERHILL CO,TNHC-4005,TANNERHILL GRILL GRATE CLEANER KIT,143,5,0,138,600,2026-04-02,PO-2602-011
2026-03-15 06:00,TANNERHILL CO,TNHC-1001,TANNERHILL TRAILHEAD PORTABLE GRILL BLK,133,29,6,98,300,2026-03-25,PO-2602-008
2026-03-15 06:00,TANNERHILL CO,TNHC-1002,TANNERHILL TRAILHEAD GRILL PRO,71,0,0,71,0,,
2026-03-15 06:00,TANNERHILL CO,TNHC-2010,TANNERHILL CAST IRON SKILLET 10IN,593,5,0,588,0,,
2026-03-15 06:00,TANNERHILL CO,TNHC-2006,TANNERHILL CAST IRON DUTCH OVEN 6QT,232,3,2,227,0,,
2026-03-15 06:00,TANNERHILL CO,TNHC-3001,TANNERHILL CAMP KITCHEN KIT DELUXE,160,7,0,153,0,,
2026-03-15 06:00,TANNERHILL CO,TNHC-3002,TANNERHILL CAMP KITCHEN KIT BASIC,103,4,0,99,0,,
2026-03-15 06:00,TANNERHILL CO,TNHC-3008,TANNERHILL NESTING COOKWARE SET 8PC,85,0,0,85,0,,
2026-03-15 06:00,TANNERHILL CO,TNHC-4001,TANNERHILL WINDSHIELD PANEL SET,1011,2,0,1009,0,,
2026-03-15 06:00,TANNERHILL CO,TNHC-4002,TANNERHILL FOLDING PREP TABLE,330,2,3,325,0,,
2026-03-15 06:00,TANNERHILL CO,TNHC-4003,TANNERHILL INSULATED COFFEE PRESS,749,0,0,749,0,,
2026-03-15 06:00,TANNERHILL CO,TNHC-4004,TANNERHILL FIRE POKER + TOOL SET,135,0,0,135,0,,
2026-03-15 06:00,TANNERHILL CO,TNHC-4005,TANNERHILL GRILL GRATE CLEANER KIT,133,10,0,123,600,2026-04-02,PO-2602-011
2026-03-16 06:00,TANNERHILL CO,TNHC-1001,TANNERHILL TRAILHEAD PORTABLE GRILL BLK,126,24,6,96,300,2026-03-25,PO-2602-008
2026-03-16 06:00,TANNERHILL CO,TNHC-1002,TANNERHILL TRAILHEAD GRILL PRO,68,0,0,68,0,,
2026-03-16 06:00,TANNERHILL CO,TNHC-2010,TANNERHILL CAST IRON SKILLET 10IN,575,0,0,575,0,,
2026-03-16 06:00,TANNERHILL CO,TNHC-2006,TANNERHILL CAST IRON DUTCH OVEN 6QT,223,0,2,221,0,,
2026-03-16 06:00,TANNERHILL CO,TNHC-3001,TANNERHILL CAMP KITCHEN KIT DELUXE,157,4,0,153,0,,
2026-03-16 06:00,TANNERHILL CO,TNHC-3002,TANNERHILL CAMP KITCHEN KIT BASIC,94,0,0,94,0,,
2026-03-16 06:00,TANNERHILL CO,TNHC-3008,TANNERHILL NESTING COOKWARE SET 8PC,82,0,0,82,0,,
2026-03-16 06:00,TANNERHILL CO,TNHC-4001,TANNERHILL WINDSHIELD PANEL SET,1008,0,0,1008,0,,
2026-03-16 06:00,TANNERHILL CO,TNHC-4002,TANNERHILL FOLDING PREP TABLE,327,0,3,324,0,,
2026-03-16 06:00,TANNERHILL CO,TNHC-4003,TANNERHILL INSULATED COFFEE PRESS,742,0,0,742,0,,
2026-03-16 06:00,TANNERHILL CO,TNHC-4004,TANNERHILL FIRE POKER + TOOL SET,127,0,0,127,0,,
2026-03-16 06:00,TANNERHILL CO,TNHC-4005,TANNERHILL GRILL GRATE CLEANER KIT,124,0,0,124,600,2026-04-02,PO-2602-011
2026-03-17 06:00,TANNERHILL CO,TNHC-1001,TANNERHILL TRAILHEAD PORTABLE GRILL BLK,112,27,6,79,300,2026-03-25,PO-2602-008
2026-03-17 06:00,TANNERHILL CO,TNHC-1002,TANNERHILL TRAILHEAD GRILL PRO,68,0,0,68,0,,
2026-03-17 06:00,TANNERHILL CO,TNHC-2010,TANNERHILL CAST IRON SKILLET 10IN,557,10,0,547,0,,
2026-03-17 06:00,TANNERHILL CO,TNHC-2006,TANNERHILL CAST IRON DUTCH OVEN 6QT,215,8,2,205,0,,
2026-03-17 06:00,TANNERHILL CO,TNHC-3001,TANNERHILL CAMP KITCHEN KIT DELUXE,154,4,0,150,0,,
2026-03-17 06:00,TANNERHILL CO,TNHC-3002,TANNERHILL CAMP KITCHEN KIT BASIC,90,7,0,83,0,,
2026-03-17 06:00,TANNERHILL CO,TNHC-3008,TANNERHILL NESTING COOKWARE SET 8PC,79,1,0,78,0,,
2026-03-17 06:00,TANNERHILL CO,TNHC-4001,TANNERHILL WINDSHIELD PANEL SET,1005,2,0,1003,0,,
2026-03-17 06:00,TANNERHILL CO,TNHC-4002,TANNERHILL FOLDING PREP TABLE,326,0,3,323,0,,
2026-03-17 06:00,TANNERHILL CO,TNHC-4003,TANNERHILL INSULATED COFFEE PRESS,736,3,0,733,0,,
2026-03-17 06:00,TANNERHILL CO,TNHC-4004,TANNERHILL FIRE POKER + TOOL SET,123,1,0,122,0,,
2026-03-17 06:00,TANNERHILL CO,TNHC-4005,TANNERHILL GRILL GRATE CLEANER KIT,114,6,0,108,600,2026-04-02,PO-2602-011
2026-03-18 06:00,TANNERHILL CO,TNHC-1001,TANNERHILL TRAILHEAD PORTABLE GRILL BLK,105,26,6,73,300,2026-03-25,PO-2602-008
2026-03-18 06:00,TANNERHILL CO,TNHC-1002,TANNERHILL TRAILHEAD GRILL PRO,66,1,0,65,0,,
2026-03-18 06:00,TANNERHILL CO,TNHC-2010,TANNERHILL CAST IRON SKILLET 10IN,542,7,0,535,0,,
2026-03-18 06:00,TANNERHILL CO,TNHC-2006,TANNERHILL CAST IRON DUTCH OVEN 6QT,205,6,2,197,0,,
2026-03-18 06:00,TANNERHILL CO,TNHC-3001,TANNERHILL CAMP KITCHEN KIT DELUXE,146,7,0,139,0,,
2026-03-18 06:00,TANNERHILL CO,TNHC-3002,TANNERHILL CAMP KITCHEN KIT BASIC,81,0,0,81,0,,
2026-03-18 06:00,TANNERHILL CO,TNHC-3008,TANNERHILL NESTING COOKWARE SET 8PC,79,3,0,76,0,,
2026-03-18 06:00,TANNERHILL CO,TNHC-4001,TANNERHILL WINDSHIELD PANEL SET,999,0,0,999,0,,
2026-03-18 06:00,TANNERHILL CO,TNHC-4002,TANNERHILL FOLDING PREP TABLE,325,1,3,321,0,,
2026-03-18 06:00,TANNERHILL CO,TNHC-4003,TANNERHILL INSULATED COFFEE PRESS,729,4,0,725,0,,
2026-03-18 06:00,TANNERHILL CO,TNHC-4004,TANNERHILL FIRE POKER + TOOL SET,117,4,0,113,0,,
2026-03-18 06:00,TANNERHILL CO,TNHC-4005,TANNERHILL GRILL GRATE CLEANER KIT,100,0,0,100,600,2026-04-02,PO-2602-011
2026-03-19 06:00,TANNERHILL CO,TNHC-1001,TANNERHILL TRAILHEAD PORTABLE GRILL BLK,97,26,6,65,300,2026-03-25,PO-2602-008
2026-03-19 06:00,TANNERHILL CO,TNHC-1002,TANNERHILL TRAILHEAD GRILL PRO,63,0,0,63,0,,
2026-03-19 06:00,TANNERHILL CO,TNHC-2010,TANNERHILL CAST IRON SKILLET 10IN,530,7,0,523,0,,
2026-03-19 06:00,TANNERHILL CO,TNHC-2006,TANNERHILL CAST IRON DUTCH OVEN 6QT,196,12,2,182,0,,
2026-03-19 06:00,TANNERHILL CO,TNHC-3001,TANNERHILL CAMP KITCHEN KIT DELUXE,141,7,0,134,0,,
2026-03-19 06:00,TANNERHILL CO,TNHC-3002,TANNERHILL CAMP KITCHEN KIT BASIC,80,1,0,79,0,,
2026-03-19 06:00,TANNERHILL CO,TNHC-3008,TANNERHILL NESTING COOKWARE SET 8PC,76,0,0,76,0,,
2026-03-19 06:00,TANNERHILL CO,TNHC-4001,TANNERHILL WINDSHIELD PANEL SET,999,3,0,996,0,,
2026-03-19 06:00,TANNERHILL CO,TNHC-4002,TANNERHILL FOLDING PREP TABLE,324,1,3,320,0,,
2026-03-19 06:00,TANNERHILL CO,TNHC-4003,TANNERHILL INSULATED COFFEE PRESS,718,10,0,708,0,,
2026-03-19 06:00,TANNERHILL CO,TNHC-4004,TANNERHILL FIRE POKER + TOOL SET,112,0,0,112,0,,
2026-03-19 06:00,TANNERHILL CO,TNHC-4005,TANNERHILL GRILL GRATE CLEANER KIT,91,5,0,86,600,2026-04-02,PO-2602-011
2026-03-20 06:00,TANNERHILL CO,TNHC-1001,TANNERHILL TRAILHEAD PORTABLE GRILL BLK,88,28,6,54,300,2026-03-25,PO-2602-008
2026-03-20 06:00,TANNERHILL CO,TNHC-1002,TANNERHILL TRAILHEAD GRILL PRO,62,1,0,61,0,,
2026-03-20 06:00,TANNERHILL CO,TNHC-2010,TANNERHILL CAST IRON SKILLET 10IN,514,15,0,499,0,,
2026-03-20 06:00,TANNERHILL CO,TNHC-2006,TANNERHILL CAST IRON DUTCH OVEN 6QT,184,1,2,181,0,,
2026-03-20 06:00,TANNERHILL CO,TNHC-3001,TANNERHILL CAMP KITCHEN KIT DELUXE,135,8,0,127,0,,
2026-03-20 06:00,TANNERHILL CO,TNHC-3002,TANNERHILL CAMP KITCHEN KIT BASIC,78,1,0,77,0,,
2026-03-20 06:00,TANNERHILL CO,TNHC-3008,TANNERHILL NESTING COOKWARE SET 8PC,75,1,0,74,0,,
2026-03-20 06:00,TANNERHILL CO,TNHC-4001,TANNERHILL WINDSHIELD PANEL SET,996,0,0,996,0,,
2026-03-20 06:00,TANNERHILL CO,TNHC-4002,TANNERHILL FOLDING PREP TABLE,321,1,3,317,0,,
2026-03-20 06:00,TANNERHILL CO,TNHC-4003,TANNERHILL INSULATED COFFEE PRESS,706,10,0,696,0,,
2026-03-20 06:00,TANNERHILL CO,TNHC-4004,TANNERHILL FIRE POKER + TOOL SET,106,0,0,106,0,,
2026-03-20 06:00,TANNERHILL CO,TNHC-4005,TANNERHILL GRILL GRATE CLEANER KIT,84,0,0,84,600,2026-04-02,PO-2602-011
2026-03-21 06:00,TANNERHILL CO,TNHC-1001,TANNERHILL TRAILHEAD PORTABLE GRILL BLK,81,27,6,48,300,2026-03-25,PO-2602-008
2026-03-21 06:00,TANNERHILL CO,TNHC-1002,TANNERHILL TRAILHEAD GRILL PRO,62,3,0,59,0,,
2026-03-21 06:00,TANNERHILL CO,TNHC-2010,TANNERHILL CAST IRON SKILLET 10IN,496,4,0,492,0,,
2026-03-21 06:00,TANNERHILL CO,TNHC-2006,TANNERHILL CAST IRON DUTCH OVEN 6QT,181,9,2,170,0,,
2026-03-21 06:00,TANNERHILL CO,TNHC-3001,TANNERHILL CAMP KITCHEN KIT DELUXE,127,5,0,122,0,,
2026-03-21 06:00,TANNERHILL CO,TNHC-3002,TANNERHILL CAMP KITCHEN KIT BASIC,76,1,0,75,0,,
2026-03-21 06:00,TANNERHILL CO,TNHC-3008,TANNERHILL NESTING COOKWARE SET 8PC,72,0,0,72,0,,
2026-03-21 06:00,TANNERHILL CO,TNHC-4001,TANNERHILL WINDSHIELD PANEL SET,992,2,0,990,0,,
2026-03-21 06:00,TANNERHILL CO,TNHC-4002,TANNERHILL FOLDING PREP TABLE,316,3,3,310,0,,
2026-03-21 06:00,TANNERHILL CO,TNHC-4003,TANNERHILL INSULATED COFFEE PRESS,689,2,0,687,0,,
2026-03-21 06:00,TANNERHILL CO,TNHC-4004,TANNERHILL FIRE POKER + TOOL SET,97,1,0,96,0,,
2026-03-21 06:00,TANNERHILL CO,TNHC-4005,TANNERHILL GRILL GRATE CLEANER KIT,71,5,0,66,600,2026-04-02,PO-2602-011
2026-03-22 06:00,TANNERHILL CO,TNHC-1001,TANNERHILL TRAILHEAD PORTABLE GRILL BLK,74,24,6,44,300,2026-03-25,PO-2602-008
2026-03-22 06:00,TANNERHILL CO,TNHC-1002,TANNERHILL TRAILHEAD GRILL PRO,58,0,0,58,0,,
2026-03-22 06:00,TANNERHILL CO,TNHC-2010,TANNERHILL CAST IRON SKILLET 10IN,483,7,0,476,0,,
2026-03-22 06:00,TANNERHILL CO,TNHC-2006,TANNERHILL CAST IRON DUTCH OVEN 6QT,169,7,2,160,0,,
2026-03-22 06:00,TANNERHILL CO,TNHC-3001,TANNERHILL CAMP KITCHEN KIT DELUXE,125,7,0,118,0,,
2026-03-22 06:00,TANNERHILL CO,TNHC-3002,TANNERHILL CAMP KITCHEN KIT BASIC,70,1,0,69,0,,
2026-03-22 06:00,TANNERHILL CO,TNHC-3008,TANNERHILL NESTING COOKWARE SET 8PC,71,0,0,71,0,,
2026-03-22 06:00,TANNERHILL CO,TNHC-4001,TANNERHILL WINDSHIELD PANEL SET,986,1,0,985,0,,
2026-03-22 06:00,TANNERHILL CO,TNHC-4002,TANNERHILL FOLDING PREP TABLE,312,0,3,309,0,,
2026-03-22 06:00,TANNERHILL CO,TNHC-4003,TANNERHILL INSULATED COFFEE PRESS,684,6,0,678,0,,
2026-03-22 06:00,TANNERHILL CO,TNHC-4004,TANNERHILL FIRE POKER + TOOL SET,78,0,0,78,0,,
2026-03-22 06:00,TANNERHILL CO,TNHC-4005,TANNERHILL GRILL GRATE CLEANER KIT,61,0,0,61,600,2026-04-02,PO-2602-011
2026-03-23 06:00,TANNERHILL CO,TNHC-1001,TANNERHILL TRAILHEAD PORTABLE GRILL BLK,68,25,6,37,300,2026-03-25,PO-2602-008
2026-03-23 06:00,TANNERHILL CO,TNHC-1002,TANNERHILL TRAILHEAD GRILL PRO,54,1,0,53,0,,
2026-03-23 06:00,TANNERHILL CO,TNHC-2010,TANNERHILL CAST IRON SKILLET 10IN,472,3,0,469,0,,
2026-03-23 06:00,TANNERHILL CO,TNHC-2006,TANNERHILL CAST IRON DUTCH OVEN 6QT,156,0,2,154,0,,
2026-03-23 06:00,TANNERHILL CO,TNHC-3001,TANNERHILL CAMP KITCHEN KIT DELUXE,120,9,0,111,0,,
2026-03-23 06:00,TANNERHILL CO,TNHC-3002,TANNERHILL CAMP KITCHEN KIT BASIC,68,1,0,67,0,,
2026-03-23 06:00,TANNERHILL CO,TNHC-3008,TANNERHILL NESTING COOKWARE SET 8PC,70,1,0,69,0,,
2026-03-23 06:00,TANNERHILL CO,TNHC-4001,TANNERHILL WINDSHIELD PANEL SET,983,2,0,981,0,,
2026-03-23 06:00,TANNERHILL CO,TNHC-4002,TANNERHILL FOLDING PREP TABLE,311,2,3,306,0,,
2026-03-23 06:00,TANNERHILL CO,TNHC-4003,TANNERHILL INSULATED COFFEE PRESS,677,3,0,674,0,,
2026-03-23 06:00,TANNERHILL CO,TNHC-4004,TANNERHILL FIRE POKER + TOOL SET,72,0,0,72,0,,
2026-03-23 06:00,TANNERHILL CO,TNHC-4005,TANNERHILL GRILL GRATE CLEANER KIT,51,3,0,48,600,2026-04-02,PO-2602-011
2026-03-24 06:00,TANNERHILL CO,TNHC-1001,TANNERHILL TRAILHEAD PORTABLE GRILL BLK,59,24,6,29,300,2026-03-25,PO-2602-008
2026-03-24 06:00,TANNERHILL CO,TNHC-1002,TANNERHILL TRAILHEAD GRILL PRO,53,0,0,53,0,,
2026-03-24 06:00,TANNERHILL CO,TNHC-2010,TANNERHILL CAST IRON SKILLET 10IN,456,10,0,446,0,,
2026-03-24 06:00,TANNERHILL CO,TNHC-2006,TANNERHILL CAST IRON DUTCH OVEN 6QT,147,2,2,143,0,,
2026-03-24 06:00,TANNERHILL CO,TNHC-3001,TANNERHILL CAMP KITCHEN KIT DELUXE,116,4,0,112,0,,
2026-03-24 06:00,TANNERHILL CO,TNHC-3002,TANNERHILL CAMP KITCHEN KIT BASIC,62,1,0,61,0,,
2026-03-24 06:00,TANNERHILL CO,TNHC-3008,TANNERHILL NESTING COOKWARE SET 8PC,68,2,0,66,0,,
2026-03-24 06:00,TANNERHILL CO,TNHC-4001,TANNERHILL WINDSHIELD PANEL SET,979,2,0,977,0,,
2026-03-24 06:00,TANNERHILL CO,TNHC-4002,TANNERHILL FOLDING PREP TABLE,307,0,3,304,0,,
2026-03-24 06:00,TANNERHILL CO,TNHC-4003,TANNERHILL INSULATED COFFEE PRESS,666,2,0,664,0,,
2026-03-24 06:00,TANNERHILL CO,TNHC-4004,TANNERHILL FIRE POKER + TOOL SET,66,1,0,65,0,,
2026-03-24 06:00,TANNERHILL CO,TNHC-4005,TANNERHILL GRILL GRATE CLEANER KIT,46,4,0,42,600,2026-04-02,PO-2602-011
2026-03-25 06:00,TANNERHILL CO,TNHC-1001,TANNERHILL TRAILHEAD PORTABLE GRILL BLK,56,27,6,23,300,2026-03-25,PO-2602-008
2026-03-25 06:00,TANNERHILL CO,TNHC-1002,TANNERHILL TRAILHEAD GRILL PRO,52,1,0,51,0,,
2026-03-25 06:00,TANNERHILL CO,TNHC-2010,TANNERHILL CAST IRON SKILLET 10IN,438,4,0,434,0,,
2026-03-25 06:00,TANNERHILL CO,TNHC-2006,TANNERHILL CAST IRON DUTCH OVEN 6QT,139,3,2,134,0,,
2026-03-25 06:00,TANNERHILL CO,TNHC-3001,TANNERHILL CAMP KITCHEN KIT DELUXE,112,6,0,106,0,,
2026-03-25 06:00,TANNERHILL CO,TNHC-3002,TANNERHILL CAMP KITCHEN KIT BASIC,58,2,0,56,0,,
2026-03-25 06:00,TANNERHILL CO,TNHC-3008,TANNERHILL NESTING COOKWARE SET 8PC,65,1,0,64,0,,
2026-03-25 06:00,TANNERHILL CO,TNHC-4001,TANNERHILL WINDSHIELD PANEL SET,975,5,0,970,0,,
2026-03-25 06:00,TANNERHILL CO,TNHC-4002,TANNERHILL FOLDING PREP TABLE,306,2,3,301,0,,
2026-03-25 06:00,TANNERHILL CO,TNHC-4003,TANNERHILL INSULATED COFFEE PRESS,661,1,0,660,0,,
2026-03-25 06:00,TANNERHILL CO,TNHC-4004,TANNERHILL FIRE POKER + TOOL SET,63,1,0,62,0,,
2026-03-25 06:00,TANNERHILL CO,TNHC-4005,TANNERHILL GRILL GRATE CLEANER KIT,41,0,0,41,600,2026-04-02,PO-2602-011
2026-03-26 06:00,TANNERHILL CO,TNHC-1001,TANNERHILL TRAILHEAD PORTABLE GRILL BLK,347,24,6,317,0,,
2026-03-26 06:00,TANNERHILL CO,TNHC-1002,TANNERHILL TRAILHEAD GRILL PRO,50,2,0,48,0,,
2026-03-26 06:00,TANNERHILL CO,TNHC-2010,TANNERHILL CAST IRON SKILLET 10IN,422,5,0,417,0,,
2026-03-26 06:00,TANNERHILL CO,TNHC-2006,TANNERHILL CAST IRON DUTCH OVEN 6QT,132,3,2,127,0,,
2026-03-26 06:00,TANNERHILL CO,TNHC-3001,TANNERHILL CAMP KITCHEN KIT DELUXE,108,7,0,101,0,,
2026-03-26 06:00,TANNERHILL CO,TNHC-3002,TANNERHILL CAMP KITCHEN KIT BASIC,51,0,0,51,0,,
2026-03-26 06:00,TANNERHILL CO,TNHC-3008,TANNERHILL NESTING COOKWARE SET 8PC,61,1,0,60,0,,
2026-03-26 06:00,TANNERHILL CO,TNHC-4001,TANNERHILL WINDSHIELD PANEL SET,969,1,0,968,0,,
2026-03-26 06:00,TANNERHILL CO,TNHC-4002,TANNERHILL FOLDING PREP TABLE,301,2,3,296,0,,
2026-03-26 06:00,TANNERHILL CO,TNHC-4003,TANNERHILL INSULATED COFFEE PRESS,651,2,0,649,0,,
2026-03-26 06:00,TANNERHILL CO,TNHC-4004,TANNERHILL FIRE POKER + TOOL SET,61,4,0,57,0,,
2026-03-26 06:00,TANNERHILL CO,TNHC-4005,TANNERHILL GRILL GRATE CLEANER KIT,29,0,0,29,600,2026-04-02,PO-2602-011
2026-03-27 06:00,TANNERHILL CO,TNHC-1001,TANNERHILL TRAILHEAD PORTABLE GRILL BLK,338,28,6,304,0,,
2026-03-27 06:00,TANNERHILL CO,TNHC-1002,TANNERHILL TRAILHEAD GRILL PRO,46,0,0,46,0,,
2026-03-27 06:00,TANNERHILL CO,TNHC-2010,TANNERHILL CAST IRON SKILLET 10IN,410,8,0,402,0,,
2026-03-27 06:00,TANNERHILL CO,TNHC-2006,TANNERHILL CAST IRON DUTCH OVEN 6QT,127,0,2,125,0,,
2026-03-27 06:00,TANNERHILL CO,TNHC-3001,TANNERHILL CAMP KITCHEN KIT DELUXE,102,5,0,97,0,,
2026-03-27 06:00,TANNERHILL CO,TNHC-3002,TANNERHILL CAMP KITCHEN KIT BASIC,49,2,0,47,0,,
2026-03-27 06:00,TANNERHILL CO,TNHC-3008,TANNERHILL NESTING COOKWARE SET 8PC,58,1,0,57,0,,
2026-03-27 06:00,TANNERHILL CO,TNHC-4001,TANNERHILL WINDSHIELD PANEL SET,964,1,0,963,0,,
2026-03-27 06:00,TANNERHILL CO,TNHC-4002,TANNERHILL FOLDING PREP TABLE,295,0,3,292,0,,
2026-03-27 06:00,TANNERHILL CO,TNHC-4003,TANNERHILL INSULATED COFFEE PRESS,647,0,0,647,0,,
2026-03-27 06:00,TANNERHILL CO,TNHC-4004,TANNERHILL FIRE POKER + TOOL SET,51,2,0,49,0,,
2026-03-27 06:00,TANNERHILL CO,TNHC-4005,TANNERHILL GRILL GRATE CLEANER KIT,23,2,0,21,600,2026-04-02,PO-2602-011
2026-03-28 06:00,TANNERHILL CO,TNHC-1001,TANNERHILL TRAILHEAD PORTABLE GRILL BLK,329,27,6,296,0,,
2026-03-28 06:00,TANNERHILL CO,TNHC-1002,TANNERHILL TRAILHEAD GRILL PRO,46,0,0,46,0,,
2026-03-28 06:00,TANNERHILL CO,TNHC-2010,TANNERHILL CAST IRON SKILLET 10IN,396,14,0,382,0,,
2026-03-28 06:00,TANNERHILL CO,TNHC-2006,TANNERHILL CAST IRON DUTCH OVEN 6QT,125,4,2,119,0,,
2026-03-28 06:00,TANNERHILL CO,TNHC-3001,TANNERHILL CAMP KITCHEN KIT DELUXE,100,4,0,96,0,,
2026-03-28 06:00,TANNERHILL CO,TNHC-3002,TANNERHILL CAMP KITCHEN KIT BASIC,43,1,0,42,0,,
2026-03-28 06:00,TANNERHILL CO,TNHC-3008,TANNERHILL NESTING COOKWARE SET 8PC,54,0,0,54,0,,
2026-03-28 06:00,TANNERHILL CO,TNHC-4001,TANNERHILL WINDSHIELD PANEL SET,961,2,0,959,0,,
2026-03-28 06:00,TANNERHILL CO,TNHC-4002,TANNERHILL FOLDING PREP TABLE,295,2,3,290,0,,
2026-03-28 06:00,TANNERHILL CO,TNHC-4003,TANNERHILL INSULATED COFFEE PRESS,640,1,0,639,0,,
2026-03-28 06:00,TANNERHILL CO,TNHC-4004,TANNERHILL FIRE POKER + TOOL SET,40,7,0,33,0,,
2026-03-28 06:00,TANNERHILL CO,TNHC-4005,TANNERHILL GRILL GRATE CLEANER KIT,14,7,0,7,600,2026-04-02,PO-2602-011
2026-03-29 06:00,TANNERHILL CO,TNHC-1001,TANNERHILL TRAILHEAD PORTABLE GRILL BLK,322,28,6,288,0,,
2026-03-29 06:00,TANNERHILL CO,TNHC-1002,TANNERHILL TRAILHEAD GRILL PRO,45,0,0,45,0,,
2026-03-29 06:00,TANNERHILL CO,TNHC-2010,TANNERHILL CAST IRON SKILLET 10IN,380,5,0,375,0,,
2026-03-29 06:00,TANNERHILL CO,TNHC-2006,TANNERHILL CAST IRON DUTCH OVEN 6QT,119,1,2,116,0,,
2026-03-29 06:00,TANNERHILL CO,TNHC-3001,TANNERHILL CAMP KITCHEN KIT DELUXE,99,5,0,94,0,,
2026-03-29 06:00,TANNERHILL CO,TNHC-3002,TANNERHILL CAMP KITCHEN KIT BASIC,40,2,0,38,0,,
2026-03-29 06:00,TANNERHILL CO,TNHC-3008,TANNERHILL NESTING COOKWARE SET 8PC,53,1,0,52,0,,
2026-03-29 06:00,TANNERHILL CO,TNHC-4001,TANNERHILL WINDSHIELD PANEL SET,956,0,0,956,0,,
2026-03-29 06:00,TANNERHILL CO,TNHC-4002,TANNERHILL FOLDING PREP TABLE,292,1,3,288,0,,
2026-03-29 06:00,TANNERHILL CO,TNHC-4003,TANNERHILL INSULATED COFFEE PRESS,624,1,0,623,0,,
2026-03-29 06:00,TANNERHILL CO,TNHC-4004,TANNERHILL FIRE POKER + TOOL SET,31,4,0,27,0,,
2026-03-29 06:00,TANNERHILL CO,TNHC-4005,TANNERHILL GRILL GRATE CLEANER KIT,1,1,0,0,600,2026-04-02,PO-2602-011
2026-03-30 06:00,TANNERHILL CO,TNHC-1001,TANNERHILL TRAILHEAD PORTABLE GRILL BLK,312,27,6,279,0,,
2026-03-30 06:00,TANNERHILL CO,TNHC-1002,TANNERHILL TRAILHEAD GRILL PRO,43,1,0,42,0,,
2026-03-30 06:00,TANNERHILL CO,TNHC-2010,TANNERHILL CAST IRON SKILLET 10IN,367,6,0,361,0,,
2026-03-30 06:00,TANNERHILL CO,TNHC-2006,TANNERHILL CAST IRON DUTCH OVEN 6QT,110,4,2,104,0,,
2026-03-30 06:00,TANNERHILL CO,TNHC-3001,TANNERHILL CAMP KITCHEN KIT DELUXE,95,5,0,90,0,,
2026-03-30 06:00,TANNERHILL CO,TNHC-3002,TANNERHILL CAMP KITCHEN KIT BASIC,35,1,0,34,0,,
2026-03-30 06:00,TANNERHILL CO,TNHC-3008,TANNERHILL NESTING COOKWARE SET 8PC,50,0,0,50,0,,
2026-03-30 06:00,TANNERHILL CO,TNHC-4001,TANNERHILL WINDSHIELD PANEL SET,954,1,0,953,0,,
2026-03-30 06:00,TANNERHILL CO,TNHC-4002,TANNERHILL FOLDING PREP TABLE,291,1,3,287,0,,
2026-03-30 06:00,TANNERHILL CO,TNHC-4003,TANNERHILL INSULATED COFFEE PRESS,617,1,0,616,0,,
2026-03-30 06:00,TANNERHILL CO,TNHC-4004,TANNERHILL FIRE POKER + TOOL SET,23,1,0,22,0,,
2026-03-30 06:00,TANNERHILL CO,TNHC-4005,TANNERHILL GRILL GRATE CLEANER KIT,2,1,0,1,600,2026-04-02,PO-2602-011
2026-03-31 06:00,TANNERHILL CO,TNHC-1001,TANNERHILL TRAILHEAD PORTABLE GRILL BLK,303,25,6,272,0,,
2026-03-31 06:00,TANNERHILL CO,TNHC-1002,TANNERHILL TRAILHEAD GRILL PRO,42,0,0,42,0,,
2026-03-31 06:00,TANNERHILL CO,TNHC-2010,TANNERHILL CAST IRON SKILLET 10IN,355,0,0,355,0,,
2026-03-31 06:00,TANNERHILL CO,TNHC-2006,TANNERHILL CAST IRON DUTCH OVEN 6QT,101,0,2,99,0,,
2026-03-31 06:00,TANNERHILL CO,TNHC-3001,TANNERHILL CAMP KITCHEN KIT DELUXE,92,7,0,85,0,,
2026-03-31 06:00,TANNERHILL CO,TNHC-3002,TANNERHILL CAMP KITCHEN KIT BASIC,33,2,0,31,0,,
2026-03-31 06:00,TANNERHILL CO,TNHC-3008,TANNERHILL NESTING COOKWARE SET 8PC,48,0,0,48,0,,
2026-03-31 06:00,TANNERHILL CO,TNHC-4001,TANNERHILL WINDSHIELD PANEL SET,953,1,0,952,0,,
2026-03-31 06:00,TANNERHILL CO,TNHC-4002,TANNERHILL FOLDING PREP TABLE,288,1,3,284,0,,
2026-03-31 06:00,TANNERHILL CO,TNHC-4003,TANNERHILL INSULATED COFFEE PRESS,611,1,0,610,0,,
2026-03-31 06:00,TANNERHILL CO,TNHC-4004,TANNERHILL FIRE POKER + TOOL SET,22,1,0,21,0,,
2026-03-31 06:00,TANNERHILL CO,TNHC-4005,TANNERHILL GRILL GRATE CLEANER KIT,3,0,0,3,600,2026-04-02,PO-2602-011
2026-04-01 06:00,TANNERHILL CO,TNHC-1001,TANNERHILL TRAILHEAD PORTABLE GRILL BLK,302,24,6,272,0,,
2026-04-01 06:00,TANNERHILL CO,TNHC-1002,TANNERHILL TRAILHEAD GRILL PRO,38,0,0,38,0,,
2026-04-01 06:00,TANNERHILL CO,TNHC-2010,TANNERHILL CAST IRON SKILLET 10IN,333,0,0,333,0,,
2026-04-01 06:00,TANNERHILL CO,TNHC-2006,TANNERHILL CAST IRON DUTCH OVEN 6QT,93,0,2,91,0,,
2026-04-01 06:00,TANNERHILL CO,TNHC-3001,TANNERHILL CAMP KITCHEN KIT DELUXE,85,4,0,81,0,,
2026-04-01 06:00,TANNERHILL CO,TNHC-3002,TANNERHILL CAMP KITCHEN KIT BASIC,30,1,0,29,0,,
2026-04-01 06:00,TANNERHILL CO,TNHC-3008,TANNERHILL NESTING COOKWARE SET 8PC,44,1,0,43,0,,
2026-04-01 06:00,TANNERHILL CO,TNHC-4001,TANNERHILL WINDSHIELD PANEL SET,950,0,0,950,0,,
2026-04-01 06:00,TANNERHILL CO,TNHC-4002,TANNERHILL FOLDING PREP TABLE,286,0,3,283,0,,
2026-04-01 06:00,TANNERHILL CO,TNHC-4003,TANNERHILL INSULATED COFFEE PRESS,601,0,0,601,0,,
2026-04-01 06:00,TANNERHILL CO,TNHC-4004,TANNERHILL FIRE POKER + TOOL SET,15,0,0,15,0,,
2026-04-01 06:00,TANNERHILL CO,TNHC-4005,TANNERHILL GRILL GRATE CLEANER KIT,4,0,0,4,600,2026-04-02,PO-2602-011
